horse,tag,source
Tulara Cascara,,class_oog.php
Cordis Totalis Z,,class_oog.php
Champion League,,class_oog.php
Mestizo Ls,,class_oog.php
Helia Ffh,,class_oog.php
Icare Chavannais,,class_oog.php
Hop Mouche,,class_oog.php
The Golden Road,,class_oog.php
Cascais Hc,,class_oog.php
Hendrick Des Forets,,class_oog.php
Goliath De L’ Eldorado,,class_oog.php
Kadar Hbc,,class_oog.php
Effixe Du Melnire,,class_oog.php
Nimbus Rfb,,class_oog.php
S&l Protector,,class_oog.php
Yalambis Ikon,,class_oog.php
Montecristo,,class_oog.php
Hagelin,,class_oog.php
Hutin De L'abbaye,,class_oog.php
Charly Brown 353,,class_oog.php
Hopefull Menjoulet,,class_oog.php
Conthinder,,class_oog.php
Chriszi,,class_oog.php
Hollywood V,,class_oog.php
Conthalando Ps,,class_oog.php
Verdini D'houtveld Z,,class_oog.php
Sternmarke 3,,class_oog.php
Contigo Z,,class_oog.php
Pmf Inventiv,,class_oog.php
Chutter Du Rouet Ps,,class_oog.php
Arezzo Z,,class_oog.php
My Diamant,,class_oog.php
Hakatann De Lojou,,class_oog.php
Jason Brown,,class_oog.php
Feinschnitt,,class_oog.php
Fraxinus Des Coeuries,,class_oog.php
Mtm Can Talk To Me,,class_oog.php
Puccini Van Orti,,class_oog.php
Elalisa,,class_oog.php
Artic Jt Z,,class_oog.php
Cardozo 4,,class_oog.php
Quicksilver C,,class_oog.php
Comme Ci Comme Ca,,class_oog.php
Dorchester,,class_oog.php
Santiago Vh Netehof,,class_oog.php
Gradje O,,class_oog.php
Mtm Pablo,,class_oog.php
Diamond Rbc Z,,class_oog.php
Diabolo De La Roque,,class_oog.php
Cavendish,,class_oog.php
Del’arkan,,class_oog.php
Dominance Z,,class_oog.php
Glenara Chacco Dp,,class_oog.php
Jalanne,,class_oog.php
Chacoons Bellis Z,,class_oog.php
Constantin De Hus,,class_oog.php
Wild Kat,,class_oog.php
Kannador,,class_oog.php
Kinmar Candy Hero,,class_oog.php
Modena Lc,,class_oog.php
Spy,,class_oog.php
Evolene De Carles,,class_oog.php
Storiall Blue,,class_oog.php
Inka Malpic,,class_oog.php
Carla,,class_oog.php
Camino Imperio Egípcio,,class_oog.php
Kara J D'alve Z,,class_oog.php
Isla De Coco,,class_oog.php
Komet 306,,class_oog.php
Gold Du Rouet,,class_oog.php
Khadiri,,class_oog.php
Rsk Quality Cruise,,class_oog.php
Cardline Kdw Z,,class_oog.php
Sandenal,,class_oog.php
Kentucky N,,class_oog.php
Quina Blue Ps,,class_oog.php
Dakota Z,,class_oog.php
Kawir Ms,,class_oog.php
Valentine Car,,class_oog.php
Balou's Paul Ps,,class_oog.php
I Jump D'authuit,,class_oog.php
Denison Park Combat,,class_oog.php
Callisto De Fetan Z,,class_oog.php
Défi De La Roque,,class_oog.php
Istina Van De Kapel,,class_oog.php
Uncle John’s Band,,class_oog.php
Indianapolis,,class_oog.php
Hhf Levison's Pride,,class_oog.php
Tough Enough,,class_oog.php
Streya,,class_oog.php
Valdes,,class_oog.php
Dominator Touch Z,,class_oog.php
Lagegonda Fz,,class_oog.php
Os Quincy,,class_oog.php
Chacoons Gisa Blue Z,,class_oog.php
Mon-Ami,,class_oog.php
Cameron 38,,class_oog.php
Lupina Colada,,class_oog.php
Dropshot Z,,class_oog.php
It Is West,,class_oog.php
Ideal,,class_oog.php
Icarus,,class_oog.php
Mick Jagger,,class_oog.php
Headleys Kinetic,,class_oog.php
Peridoni 20,,class_oog.php
Thor Jr,,class_oog.php
Kindly,,class_oog.php
Mason,,class_oog.php
Ledoux,,class_oog.php
Gelano,,class_oog.php
Limerick,,class_oog.php
Octavius Scf,,class_oog.php
Lufrieda Vdl,,class_oog.php
Insider Bh,,class_oog.php
Goliath,,class_oog.php
Ivanhoe,,class_oog.php
Bellissima Dh Z,,class_oog.php
Bambina,,class_oog.php
Orisco,,class_oog.php
Redbull 33 Vdh,,class_oog.php
Tobias Van Kreyel Mc,,class_oog.php
Classical Touch,,class_oog.php
Dolittle 32,,class_oog.php
Pavarotti Van De Schutskooi,,class_oog.php
Eq Scorpio,,class_oog.php
Umtiti Van De Barlebuis,,class_oog.php
Tugano Van Klapscheut,,class_oog.php
Superman Eh,,class_oog.php
Tarantino De Rie,,class_oog.php
Curacao D'elsendam Z,,class_oog.php
5o1 Stakkatol's Dream,,class_oog.php
Olaf,,class_oog.php
Online,,class_oog.php
Copperfield Ghv Z,,class_oog.php
O'Malley Rfb,,class_oog.php
Mtm Good Question,,class_oog.php
Calou Us,,class_oog.php
King William,,class_oog.php
Nasia’s Girl Keros,,class_oog.php
Don Cor Z,,class_oog.php
Only Love B,,class_oog.php
Crusader,,class_oog.php
Cash For Roses,,class_oog.php
Santa Rosa Fiona,,class_oog.php
O-Toulon K,,class_oog.php
Dodicci,,class_oog.php
Maiki,,class_oog.php
Qastaar Van't Heike,,class_oog.php
Locinthe Vdl,,class_oog.php
Noah,,class_oog.php
Conthargos Gold,,class_oog.php
Cali Blue Ps,,class_oog.php
Odilon,,class_oog.php
Lord Cornet,,class_oog.php
Balou Blue Z,,class_oog.php
Britney Ps,,class_oog.php
Oscars Afterparty,,class_oog.php
Categorico Ec Z,,class_oog.php
Mtm Clarcona,,class_oog.php
Herlich,,class_oog.php
Levano,,class_oog.php
Tarzan Z,,class_oog.php
Allegra Van Het Eikenhof Z,,class_oog.php
Diatoon Blue Ps,,class_oog.php
Gotham De Chalusse,,class_oog.php
Daham,,class_oog.php
Futur Du Pomiez,,class_oog.php
Ancelotti,,class_oog.php
Fernhill Touch Of Grandeur,,class_oog.php
Lissino,,class_oog.php
Spice Of Life,,class_oog.php
Castell 21,,class_oog.php
Danilo Khr,,class_oog.php
Fleurescent,,class_oog.php
Otto Pilot,,class_oog.php
Qiana,,class_oog.php
Ballyforan,,class_oog.php
Fabian,,class_oog.php
For Jens Z,,class_oog.php
Cfh Ricardo Two You,,class_oog.php
Balisto,,class_oog.php
Arianna Rv,,class_oog.php
Chabluevara Ps,,class_oog.php
Conlando 55,,class_oog.php
Dame Bruchetta Z,,class_oog.php
Lindy Hop,,class_oog.php
Iron Rock,,class_oog.php
Paseana,,class_oog.php
Kurano Sp Z,,class_oog.php
Kilenka Gl,,class_oog.php
King Z,,class_oog.php
Curioso Van Maarle Z,,class_oog.php
Legacy Rs,,class_oog.php
Com'on Kylie M,,class_oog.php
Cash The First Des Rosiers Z,,class_oog.php
Engas Aurantiaco,,class_oog.php
Dorothea Mystic Rose,,class_oog.php
Light Blue Mystic Rose,,class_oog.php
Maeberry,,class_oog.php
Itos S,,class_oog.php
Picobella De Pot,,class_oog.php
Dionte Van’t Merelsnest Z,,class_oog.php
Luau Cove Csf,,class_oog.php
F.ellouette,,class_oog.php
Cruise Mor,,class_oog.php
Hector Du Gue,,class_oog.php
Diatendra,,class_oog.php
Indiana De Riverland,,class_oog.php
Poliana Van Op De Berg,,class_oog.php
Born To Be Wild,,class_oog.php
Mtm Cascadela,,class_oog.php
Boleybawn Rolo,,class_oog.php
Fernhill Athletico Z,,class_oog.php
Joaquin Daloubet,,class_oog.php
Cobalto,,class_oog.php
Dragonfly,,class_oog.php
Bluebelle,,class_oog.php
La Luciole,,class_oog.php
Calibur W,,class_oog.php
Kan So,,class_oog.php
Onetta Vd Fruitkorf Z,,class_oog.php
Mtm Bubba,,class_oog.php
Kleopatra Hero Z,,class_oog.php
F Miss Gouvernante Vdl Z,,class_oog.php
Diabalou Ps,,class_oog.php
Geisha D’agenais,,class_oog.php
Vamos,,class_oog.php
Zhardas Kil,,class_oog.php
Elwen M' Aurea,,class_oog.php
Emyr De Launay,,class_oog.php
Il Vole Du Park,,class_oog.php
Catoki's Fly Girl,,class_oog.php
Lucas 274,,class_oog.php
de Lisle Apollo,,class_oog.php
Helia Des Bergeries,,class_oog.php
KS Barbie,,class_oog.php
Comme II Reality,,class_oog.php
Official First Hj Z,,class_oog.php
Kaytaro,,class_oog.php
Cylano,,class_oog.php
Delando De St Leger,,class_oog.php
Qatar,,class_oog.php
Dorado Sdn,,class_oog.php
Undercover,,class_oog.php
Chris B,,class_oog.php
Norton Vdl,,class_oog.php
Phoenix Air,,class_oog.php
Rondalla Ls,,class_oog.php
Vdl Nevena,,class_oog.php
Major,,class_oog.php
Mistigrise Du Seigneur,,class_oog.php
Accelerator,,class_oog.php
Cismet 4,,class_oog.php
Chaning Tatum,,class_oog.php
Night Light,,class_oog.php
Nobeltje,,class_oog.php
Picar,,class_oog.php
Ewsz Omega,,class_oog.php
Cornetta Lazar,,class_oog.php
Guibet P,,class_oog.php
Cooley Elusive,,class_oog.php
Malmo 54,,class_oog.php
Hallmark Hpf,,class_oog.php
Temptation V/H Haringvliet Z,,class_oog.php
Mucksmaeuschenstill,,class_oog.php
Onyx,,class_oog.php
Cognac Vh Gebergte Z,,class_oog.php
Oakland,,class_oog.php
Pi-Air,,class_oog.php
Cachaca Pitu Lhf,,class_oog.php
Tillman,,class_oog.php
Oa Uno Mas Cerveza,,class_oog.php
Lyonheart,,class_oog.php
Diablue Sh Z,,class_oog.php
Bizzy Sh,,class_oog.php
Cassaderra Na,,class_oog.php
Dimazzo,,class_oog.php
Kateri,,class_oog.php
Dracko Van Het Vinckenhof Z,,class_oog.php
Rover,,class_oog.php
Avalanche,,class_oog.php
Eliott Dz,,class_oog.php
Reelz,,class_oog.php
Ck’s Superman,,class_oog.php
Ally Z,,class_oog.php
Frodo,,class_oog.php
Comme Il Hero Z,,class_oog.php
Ballyheerin Belle Jorado,,class_oog.php
P-Capitola,,class_oog.php
Dulce,,class_oog.php
Paulownia,,class_oog.php
Diamant's Invincible Na,,class_oog.php
Voila Bbf,,class_oog.php
Volcano Bbf,,class_oog.php
Forseti,,class_oog.php
Karma,,class_oog.php
Calderon T,,class_oog.php
Diadora,,class_oog.php
Maleficent Ht,,class_oog.php
Donna Lucardie Z,,class_oog.php
Invictus,,class_oog.php
Getthe Muny Bernie,,class_oog.php
La La Land,,class_oog.php
Pays Bas V,,class_oog.php
Pedro Molino,,class_oog.php
Balencia,,class_oog.php
Norelien,,class_oog.php
Ameko Chaccord,,class_oog.php
Irish Coffee Vhl,,class_oog.php
Sublime,,class_oog.php
Once Upon A Time,,class_oog.php
Untouchable's Unique,,class_oog.php
Lady Roxy,,class_oog.php
Ata Fe Dulce,,class_oog.php
Sylvester Ter Linden,,class_oog.php
Billy Suffragette,,class_oog.php
Billy Snowdonia,,class_oog.php
Kanai,,class_oog.php
Hercules,,class_oog.php
Big Castle,,class_oog.php
Crush,,class_oog.php
Fe Crack The Code,,class_oog.php
Billy Adorable,,class_oog.php
Daizi De Beaufour,,class_oog.php
Markanto A,,class_oog.php
Cold Play,,class_oog.php
Talk About Me,,class_oog.php
Cecile S,,class_oog.php
Contika 46,,class_oog.php
Ciemusic Z,,class_oog.php
Remus Van't Merelsnest,,class_oog.php
The Getaway Car,,class_oog.php
Il Dolce,,class_oog.php
Mr Dw,,class_oog.php
Grandia,,class_oog.php
Hh Hyyerr Calling,,class_oog.php
Nevada Vdl,,class_oog.php
Bz Cancara,,class_oog.php
Lisdeen Lady Kvj,,class_oog.php
Mazatlan Ps,,class_oog.php
Mckenzie Z,,class_oog.php
Orindus W,,class_oog.php
Florian,,class_oog.php
Herakles,,class_oog.php
Mary J,,class_oog.php
Bellefleur Z,,class_oog.php
U Amon Z,,class_oog.php
Elle Woods,,class_oog.php
Ferris Bueller,,class_oog.php
Enzo Ferrari,,class_oog.php
Nice Cool De Virton,,class_oog.php
En Vogue,,class_oog.php
Chagrandino Ps,,class_oog.php
Castello Z,,class_oog.php
Miss Cranny Sarco,,class_oog.php
Excel Star Fair Play,,class_oog.php
Lugano,,class_oog.php
Dee Dee Gz,,class_oog.php
Inlaws Manolo,,class_oog.php
Calypso,,class_oog.php
Wingardium Leviosa KS,,class_oog.php
Ibalia,,class_oog.php
Kereen Cobra,,class_oog.php
Carmenzita,,class_oog.php
Gabriella T,,class_oog.php
Vdl Escape Z,,class_oog.php
Coby Z,,class_oog.php
Caballa Ps,,class_oog.php
Titan,,class_oog.php
Hopeful Z,,class_oog.php
Mtm Anonymous Z,,class_oog.php
Samba Do Brasil,,class_oog.php
Rr Monster,,class_oog.php
Roncevert,,class_oog.php
Guerrera,,class_oog.php
Comedian Of Picobello Z,,class_oog.php
Con Sol,,class_oog.php
Airway Semilly,,class_oog.php
Lavei,,class_oog.php
Chico Bella Z,,class_oog.php
O'Quality Z,,class_oog.php
Fanfan Boy,,class_oog.php
Solaguayre Chaquensi,,class_oog.php
Itoulon B,,class_oog.php
Larcelo,,class_oog.php
Vdl Masque-Unea,,class_oog.php
Million's Crack Ki,,class_oog.php
Stapleton Asha,,class_oog.php
Granslam De Lezellec,,class_oog.php
Jasmin De L’abbaye,,class_oog.php
High Time,,class_oog.php
Arthur,,class_oog.php
Princeton Mk,,class_oog.php
Kali,,class_oog.php
Vienna Van't Kiezelhof Lhf,,class_oog.php
Dominic Toretto,,class_oog.php
Orange Blossom Na,,class_oog.php
Olivia Ve,,class_oog.php
Conchacco Ps,,class_oog.php
Naomi Hpf,,class_oog.php
Captain Marvel CF,,class_oog.php
Hellcat,,class_oog.php
As You Are,,class_oog.php
Penelope De La Fresnière,,class_oog.php
Virgules Balou Van 'T Neerhof,,class_oog.php
Miracle Van De Beiaard Z,,class_oog.php
Nadia I,,class_oog.php
Anthem L.a. Z,,class_oog.php
6-7,,class_oog.php
Hpf Melania,,class_oog.php
Skat 15,,class_oog.php
Cataumet,,class_oog.php
Keira Usa,,class_oog.php
Lord Carlino,,class_oog.php
Kilmastulla Quality Touch,,class_oog.php
Corzico Melloni Z,,class_oog.php
Hurricane,,class_oog.php
Mastermind,,class_oog.php
Katch Can-Do,,class_oog.php
Mtm Silhouette,,class_oog.php
Coffee,,class_oog.php
Carlos He’las,,class_oog.php
Churchill Blue,,class_oog.php
Casuall,,class_oog.php
A La Quattro S,,class_oog.php
Sunkist,,class_oog.php
Espresso,,class_oog.php
Netezwiggy Vd Watermolen,,class_oog.php
Cadenza,,class_oog.php
Pistachio,,class_oog.php
Outlaw,,class_oog.php
Mtm Rico Suave,,class_oog.php
Chef Special,,class_oog.php
Dexter,,class_oog.php
Cabana Boy,,class_oog.php
Royal Mark,,class_oog.php
Insightful,,class_oog.php
Ziggy Stardust,,class_oog.php
Costello,,class_oog.php
Debonair,,class_oog.php
Cheque,,class_oog.php
Mtm Nutmeg,,class_oog.php
Callisto,,class_oog.php
Maui,,class_oog.php
Missy Vd Vosberg,,class_oog.php
Luminosity Class,,class_oog.php
Colombiana,,class_oog.php
Calid 3,,class_oog.php
Simpatico,,class_oog.php
Top Secret Hk,,class_oog.php
Dominus Z,,class_oog.php
Hand Painted,,class_oog.php
Vincent Van Gough,,class_oog.php
Joylon Gb,,class_oog.php
Mtm Drop The Mic,,class_oog.php
Playground,,class_oog.php
Dream Boat,,class_oog.php
Salt Spring,,class_oog.php
Aperture Vf,,class_oog.php
United's Choice,,class_oog.php
Vote For Pedro,,class_oog.php
Ladies Night,,class_oog.php
Childhood Dream,,class_oog.php
Center Stage,,class_oog.php
Endeavor In His Name,,class_oog.php
Mystery Man,,class_oog.php
Just A Gentleman,,class_oog.php
Red Admiral,,class_oog.php
Freeman,,class_oog.php
Winterfells Castle Black,,class_oog.php
Remix De Ganad,,class_oog.php
Sophistakkato,,class_oog.php
Peyton Cm Kapade,,class_oog.php
Ewsz Chardonnay,,class_oog.php
Gladrags,,class_oog.php
Kismet,,class_oog.php
St. Nick,,class_oog.php
Dialey Ak,,class_oog.php
Toussant,,class_oog.php
Napoleon,,class_oog.php
Nightfall,,class_oog.php
Thunder Shark,,class_oog.php
Kobalt Des Vk,,class_oog.php
Koletta,,class_oog.php
Cartier De Muze,,class_oog.php
Harmony De Muze,,class_oog.php
Cupido De Jolie Z,,class_oog.php
Quatro,,class_oog.php
Sweeter Than Fiction,,class_oog.php
Lyon,,class_oog.php
Going Global,,class_oog.php
Orchard Hills Best Dressed,,class_oog.php
The Flying Dutchman,,class_oog.php
Argento 2,,class_oog.php
Koh I Knoor,,class_oog.php
Cleveland 42,,class_oog.php
Loire,,class_oog.php
Astronaut H Z,,class_oog.php
Camden Street,,class_oog.php
Starridor,,class_oog.php
Curtis 89,,class_oog.php
Coeur D'honneur,,class_oog.php
Follow Me,,class_oog.php
Obora’s Sandman,,class_oog.php
Living The Dream,,class_oog.php
Striking Elsa,,class_oog.php
Delisa Gp,,class_oog.php
Santino,,class_oog.php
Fort Knox,,class_oog.php
Halo,,class_oog.php
Parade,,class_oog.php
Untitled,,class_oog.php
Amuze Bouche,,class_oog.php
Carli De Sabette,,class_oog.php
Follow Me Home,,class_oog.php
Marvick,,class_oog.php
Poptart,,class_oog.php
Benlea Magic Dragon,,class_oog.php
Khan Of Ballmore,,class_oog.php