class_no,class_number,class_payout,class_name,class_label,source
29275,1,,High Performance Conformation Hunter-Model,1) High Performance Conformation Hunter-Model,counts.php
29276,2,,$500 High Performance Conformation Hunter,2) $500 High Performance Conformation Hunter,counts.php
29277,3,,$500 High Performance Conformation Hunter,3) $500 High Performance Conformation Hunter,counts.php
29278,4,,$500 High Performance Conformation Hunter,4) $500 High Performance Conformation Hunter,counts.php
29279,5,,$500 High Performance Conformation Hunter-Handy,5) $500 High Performance Conformation Hunter-Handy,counts.php
29280,6,,$200 High Performance Conformation Hunter U/S,6) $200 High Performance Conformation Hunter U/S,counts.php
29281,7,,Green Conformation Hunter-Model,7) Green Conformation Hunter-Model,counts.php
29282,8,,$400 Green Conformation Hunter,8) $400 Green Conformation Hunter,counts.php
29283,9,,$400 Green Conformation Hunter,9) $400 Green Conformation Hunter,counts.php
29284,10,,$400 Green Conformation Hunter,10) $400 Green Conformation Hunter,counts.php
29285,11,,$400 Green Conformation Hunter-Handy,11) $400 Green Conformation Hunter-Handy,counts.php
29286,12,,$150 Green Conformation Hunter U/S,12) $150 Green Conformation Hunter U/S,counts.php
29311,13,,$700 High Performance Hunter 4',13) $700 High Performance Hunter 4',counts.php
29310,14,,$700 High Performance Hunter 4',14) $700 High Performance Hunter 4',counts.php
29309,15,,$700 High Performance Hunter 4',15) $700 High Performance Hunter 4',counts.php
29308,16,,$700 High Performance Hunter-Handy 4',16) $700 High Performance Hunter-Handy 4',counts.php
29307,17,,$300 High Performance Hunter U/S 4',17) $300 High Performance Hunter U/S 4',counts.php
29287,18,,"$600 Green Hunter 3'9""","18) $600 Green Hunter 3'9""",counts.php
29288,19,,"$600 Green Hunter 3'9""","19) $600 Green Hunter 3'9""",counts.php
29289,20,,"$600 Green Hunter 3'9"" (Incentive Score)","20) $600 Green Hunter 3'9"" (Incentive Score)",counts.php
29290,21,,"$600 Green Hunter 3'9""-Handy","21) $600 Green Hunter 3'9""-Handy",counts.php
29291,22,,"$200 Green Hunter 3'9"" U/S","22) $200 Green Hunter 3'9"" U/S",counts.php
29292,23,,"$600 Green Hunter 3'6""","23) $600 Green Hunter 3'6""",counts.php
29293,24,,"$600 Green Hunter 3'6""","24) $600 Green Hunter 3'6""",counts.php
29294,25,,"$600 Green Hunter 3'6"" (Incentive Score)","25) $600 Green Hunter 3'6"" (Incentive Score)",counts.php
29295,26,,"$600 Green Hunter 3'6""-Handy","26) $600 Green Hunter 3'6""-Handy",counts.php
29296,27,,"$200 Green Hunter 3'6"" U/S","27) $200 Green Hunter 3'6"" U/S",counts.php
29297,28,,"$350 Green Hunter 3'3""","28) $350 Green Hunter 3'3""",counts.php
29298,29,,"$350 Green Hunter 3'3""","29) $350 Green Hunter 3'3""",counts.php
29299,30,,"$350 Green Hunter 3'3"" (Incentive Score)","30) $350 Green Hunter 3'3"" (Incentive Score)",counts.php
29300,31,,"$350 Green Hunter 3'3""","31) $350 Green Hunter 3'3""",counts.php
29301,32,,"$150 Green Hunter 3'3"" U/S","32) $150 Green Hunter 3'3"" U/S",counts.php
29302,33,,"$350 Green Hunter 3'0""","33) $350 Green Hunter 3'0""",counts.php
29303,34,,"$350 Green Hunter 3'0""","34) $350 Green Hunter 3'0""",counts.php
29304,35,,"$350 Green Hunter 3'0"" (Incentive Score)","35) $350 Green Hunter 3'0"" (Incentive Score)",counts.php
29305,36,,"$350 Green Hunter 3'0""","36) $350 Green Hunter 3'0""",counts.php
29306,37,,"$150 Green Hunter 3'0"" U/S","37) $150 Green Hunter 3'0"" U/S",counts.php
29332,38,,"$400 Performance Hunter 3'6""","38) $400 Performance Hunter 3'6""",counts.php
29382,39,,"$400 Performance Hunter 3'6""","39) $400 Performance Hunter 3'6""",counts.php
29383,40,,"$400 Performance Hunter 3'6""","40) $400 Performance Hunter 3'6""",counts.php
29384,41,,"$400 Performance Hunter 3'6""-Handy","41) $400 Performance Hunter 3'6""-Handy",counts.php
29385,42,,"$150 Performance Hunter 3'6"" U/S","42) $150 Performance Hunter 3'6"" U/S",counts.php
29327,43,,"$350 Performance Hunter 3'3""","43) $350 Performance Hunter 3'3""",counts.php
29328,44,,"$350 Performance Hunter 3'3""","44) $350 Performance Hunter 3'3""",counts.php
29329,45,,"$350 Performance Hunter 3'3""","45) $350 Performance Hunter 3'3""",counts.php
29330,46,,"$350 Performance Hunter 3'3""-Handy","46) $350 Performance Hunter 3'3""-Handy",counts.php
29331,47,,"$150 Performance Hunter 3'3"" U/S","47) $150 Performance Hunter 3'3"" U/S",counts.php
29312,48,,"$350 Young Hunter 2'9""","48) $350 Young Hunter 2'9""",counts.php
29313,49,,"$350 Young Hunter 2'9""","49) $350 Young Hunter 2'9""",counts.php
29314,50,,"$350 Young Hunter 2'9""","50) $350 Young Hunter 2'9""",counts.php
29315,51,,"$350 Young Hunter 2'9""","51) $350 Young Hunter 2'9""",counts.php
29316,52,,"$150 Young Hunter 2'9"" U/S","52) $150 Young Hunter 2'9"" U/S",counts.php
29317,53,,$350 Young Hunter 3',53) $350 Young Hunter 3',counts.php
29318,54,,$350 Young Hunter 3',54) $350 Young Hunter 3',counts.php
29319,55,,$350 Young Hunter 3',55) $350 Young Hunter 3',counts.php
29320,56,,$350 Young Hunter 3',56) $350 Young Hunter 3',counts.php
29321,57,,$150 Young Hunter 3' U/S,57) $150 Young Hunter 3' U/S,counts.php
29322,58,,"$350 Young Hunter 3'3""","58) $350 Young Hunter 3'3""",counts.php
29323,59,,"$350 Young Hunter 3'3""","59) $350 Young Hunter 3'3""",counts.php
29324,60,,"$350 Young Hunter 3'3""","60) $350 Young Hunter 3'3""",counts.php
29325,61,,"$350 Young Hunter 3'3""","61) $350 Young Hunter 3'3""",counts.php
29326,62,,"$150 Young Hunter 3'3"" U/S","62) $150 Young Hunter 3'3"" U/S",counts.php
29386,80,,"$600 Amateur Owner Hunter 3'6"" 18-35 Yrs","80) $600 Amateur Owner Hunter 3'6"" 18-35 Yrs",counts.php
29387,81,,"$600 Amateur Owner Hunter 3'6"" 18-35 Yrs (1st rnd Classic)","81) $600 Amateur Owner Hunter 3'6"" 18-35 Yrs (1st rnd Classic)",counts.php
29388,82,,"$600 Amateur Owner Hunter 3'6"" 18-35 Yrs","82) $600 Amateur Owner Hunter 3'6"" 18-35 Yrs",counts.php
29333,83,,"$600 Amateur Owner Hunter 3'6"" 18-35 Yrs-Handy","83) $600 Amateur Owner Hunter 3'6"" 18-35 Yrs-Handy",counts.php
29334,84,,"$350 Amateur Owner Hunter 3'6"" 18-35 Yrs U/S","84) $350 Amateur Owner Hunter 3'6"" 18-35 Yrs U/S",counts.php
29335,85,,"$600 Amateur Owner Hunter 3'6"" 36+","85) $600 Amateur Owner Hunter 3'6"" 36+",counts.php
29336,86,,"$600 Amateur Owner Hunter 3'6"" 36+ (1st rnd Classic)","86) $600 Amateur Owner Hunter 3'6"" 36+ (1st rnd Classic)",counts.php
29337,87,,"$600 Amateur Owner Hunter 3'6"" 36+","87) $600 Amateur Owner Hunter 3'6"" 36+",counts.php
29338,88,,"$600 Amateur Owner Hunter 3'6"" 36+-Handy","88) $600 Amateur Owner Hunter 3'6"" 36+-Handy",counts.php
29339,89,,"$350 Amateur Owner Hunter 3'6"" 36+ U/S","89) $350 Amateur Owner Hunter 3'6"" 36+ U/S",counts.php
29340,90,,"$400 Amateur Owner Hunter 3'3"" 18-35","90) $400 Amateur Owner Hunter 3'3"" 18-35",counts.php
29341,91,,"$400 Amateur Owner Hunter 3'3"" 18-35 Years (1st rnd Classic","91) $400 Amateur Owner Hunter 3'3"" 18-35 Years (1st rnd Classic",counts.php
29342,92,,"$400 Amateur Owner Hunter 3'3"" 18-35","92) $400 Amateur Owner Hunter 3'3"" 18-35",counts.php
29343,93,,"$400 Amateur Owner Hunter 3'3"" 18-35 Years-Handy","93) $400 Amateur Owner Hunter 3'3"" 18-35 Years-Handy",counts.php
29344,94,,"$200 Amateur Owner Hunter 3'3"" 18-35 Years U/S","94) $200 Amateur Owner Hunter 3'3"" 18-35 Years U/S",counts.php
29345,95,,"$400 Amateur Owner Hunter 3'3"" 36+","95) $400 Amateur Owner Hunter 3'3"" 36+",counts.php
29346,96,,"$400 Amateur Owner Hunter 3'3"" 36+ (1st rnd Classic)","96) $400 Amateur Owner Hunter 3'3"" 36+ (1st rnd Classic)",counts.php
29347,97,,"$400 Amateur Owner Hunter 3'3"" 36+","97) $400 Amateur Owner Hunter 3'3"" 36+",counts.php
29348,98,,"$400 Amateur Owner Hunter 3'3"" 36+-Handy","98) $400 Amateur Owner Hunter 3'3"" 36+-Handy",counts.php
29349,99,,"$200 Amateur Owner Hunter 3'3"" 36+ U/S","99) $200 Amateur Owner Hunter 3'3"" 36+ U/S",counts.php
29350,100,,"$600 Junior Hunter 3'6"" Small 15/U","100) $600 Junior Hunter 3'6"" Small 15/U",counts.php
29351,101,,"$600 Junior Hunter 3'6"" Small 15U (1st rnd Classic)","101) $600 Junior Hunter 3'6"" Small 15U (1st rnd Classic)",counts.php
29352,102,,"$600 Junior Hunter 3'6"" Small 15/U","102) $600 Junior Hunter 3'6"" Small 15/U",counts.php
29353,103,,"$600 Junior Hunter 3'6"" Small 15/U-Handy","103) $600 Junior Hunter 3'6"" Small 15/U-Handy",counts.php
29354,104,,"$350 Junior Hunter 3'6"" Small 15/U U/S","104) $350 Junior Hunter 3'6"" Small 15/U U/S",counts.php
29355,105,,"$600 Junior Hunter 3'6"" Small 16-17","105) $600 Junior Hunter 3'6"" Small 16-17",counts.php
29356,106,,"$600 Junior Hunter 3'6"" Small 16-17 (1st rnd Classic)","106) $600 Junior Hunter 3'6"" Small 16-17 (1st rnd Classic)",counts.php
29357,107,,"$600 Junior Hunter 3'6"" Small 16-17","107) $600 Junior Hunter 3'6"" Small 16-17",counts.php
29358,108,,"$600 Junior Hunter 3'6"" Small 16-17-Handy","108) $600 Junior Hunter 3'6"" Small 16-17-Handy",counts.php
29359,109,,"$350 Junior Hunter 3'6"" Small 16-17 U/S","109) $350 Junior Hunter 3'6"" Small 16-17 U/S",counts.php
29360,110,,"$600 Junior Hunter 3'6"" Large 15/U","110) $600 Junior Hunter 3'6"" Large 15/U",counts.php
29361,111,,"$600 Junior Hunter 3'6"" Large 15U (1st rnd Classic)","111) $600 Junior Hunter 3'6"" Large 15U (1st rnd Classic)",counts.php
29362,112,,"$600 Junior Hunter 3'6"" Large 15/U","112) $600 Junior Hunter 3'6"" Large 15/U",counts.php
29363,113,,"$600 Junior Hunter 3'6"" Large 15/U-Handy","113) $600 Junior Hunter 3'6"" Large 15/U-Handy",counts.php
29364,114,,"$350 Junior Hunter 3'6"" Large 15/U U/S","114) $350 Junior Hunter 3'6"" Large 15/U U/S",counts.php
29365,115,,"$600 Junior Hunter 3'6"" Large 16-17","115) $600 Junior Hunter 3'6"" Large 16-17",counts.php
29366,116,,"$600 Junior Hunter 3'6"" Large 16-17 (1st rnd Classic)","116) $600 Junior Hunter 3'6"" Large 16-17 (1st rnd Classic)",counts.php
29367,117,,"$600 Junior Hunter 3'6"" Large 16-17","117) $600 Junior Hunter 3'6"" Large 16-17",counts.php
29368,118,,"$600 Junior Hunter 3'6"" Large 16-17-Handy","118) $600 Junior Hunter 3'6"" Large 16-17-Handy",counts.php
29369,119,,"$350 Junior Hunter 3'6"" Large 16-17 U/S","119) $350 Junior Hunter 3'6"" Large 16-17 U/S",counts.php
33443,120,,"$400 Junior Hunter 3'3"" 15 & U","120) $400 Junior Hunter 3'3"" 15 & U",counts.php
33444,121,,"$400 Junior Hunter 3'3"" 15 & U (1st rnd Classic)","121) $400 Junior Hunter 3'3"" 15 & U (1st rnd Classic)",counts.php
33445,122,,"$400 Junior Hunter 3'3"" 15 & U","122) $400 Junior Hunter 3'3"" 15 & U",counts.php
33446,123,,"$400 Junior Hunter 3'3"" 15 & U- Handy","123) $400 Junior Hunter 3'3"" 15 & U- Handy",counts.php
33447,124,,"$200 Junior Hunter 3'3"" 15 & U U/S","124) $200 Junior Hunter 3'3"" 15 & U U/S",counts.php
33448,125,,"$400 Junior Hunter 3'3"" 16-17","125) $400 Junior Hunter 3'3"" 16-17",counts.php
33449,126,,"$400 Junior Hunter 3'3"" 16-17 (1st rnd Classic)","126) $400 Junior Hunter 3'3"" 16-17 (1st rnd Classic)",counts.php
33450,127,,"$400 Junior Hunter 3'3"" 16-17","127) $400 Junior Hunter 3'3"" 16-17",counts.php
33451,128,,"$400 Junior Hunter 3'3"" 16-17 - Handy","128) $400 Junior Hunter 3'3"" 16-17 - Handy",counts.php
33452,129,,"$200 Junior Hunter 3'3"" 16-17 U/S","129) $200 Junior Hunter 3'3"" 16-17 U/S",counts.php
29380,150,,"$250 Green Pony Conf Hunter- Small 2'3""","150) $250 Green Pony Conf Hunter- Small 2'3""",counts.php
29381,151,,"$250 Green Pony Hunter Sm 2'3"" (1st rnd Classic)","151) $250 Green Pony Hunter Sm 2'3"" (1st rnd Classic)",counts.php
28945,152,,"$250 Green Pony Hunter Sm 2'3""","152) $250 Green Pony Hunter Sm 2'3""",counts.php
28946,153,,"$250 Green Pony Hunter Sm 2'3""","153) $250 Green Pony Hunter Sm 2'3""",counts.php
28947,154,,"$100 Green Pony Hunter Sm 2'3"" U/S","154) $100 Green Pony Hunter Sm 2'3"" U/S",counts.php
28948,156,,"$250 Green Pony Conf Hunter- Med 2'6""","156) $250 Green Pony Conf Hunter- Med 2'6""",counts.php
28949,157,,"$250 Green Pony Hunter Med 2'6"" (1st rnd Classic)","157) $250 Green Pony Hunter Med 2'6"" (1st rnd Classic)",counts.php
28951,158,,"$250 Green Pony Hunter Med 2'6""","158) $250 Green Pony Hunter Med 2'6""",counts.php
28952,159,,"$250 Green Pony Hunter Med 2'6""","159) $250 Green Pony Hunter Med 2'6""",counts.php
28953,160,,"$100 Green Pony Hunter Med 2'6"" U/S","160) $100 Green Pony Hunter Med 2'6"" U/S",counts.php
28954,162,,"$250 Green Pony Conf Hunter- Lg 2'9""","162) $250 Green Pony Conf Hunter- Lg 2'9""",counts.php
28955,163,,"$250 Green Pony Hunter Lg 2'9"" (1st rnd Classic)","163) $250 Green Pony Hunter Lg 2'9"" (1st rnd Classic)",counts.php
28956,164,,"$250 Green Pony Hunter Lg 2'9""","164) $250 Green Pony Hunter Lg 2'9""",counts.php
28957,165,,"$250 Green Pony Hunter Lg 2'9""","165) $250 Green Pony Hunter Lg 2'9""",counts.php
28958,166,,"$100 Green Pony Hunter Lg 2'9"" U/S","166) $100 Green Pony Hunter Lg 2'9"" U/S",counts.php
28959,170,,"$375 Pony Conf Hunter- Sm 2'3""","170) $375 Pony Conf Hunter- Sm 2'3""",counts.php
28960,171,,"$375 Pony Hunter Sm 2'3"" (1st rnd Classic)","171) $375 Pony Hunter Sm 2'3"" (1st rnd Classic)",counts.php
28961,172,,"$375 Pony Hunter Sm 2'3""","172) $375 Pony Hunter Sm 2'3""",counts.php
28962,173,,"$375 Pony Hunter Sm 2'3""-Handy","173) $375 Pony Hunter Sm 2'3""-Handy",counts.php
28963,174,,"$150 Pony Hunter Sm 2'3"" U/S","174) $150 Pony Hunter Sm 2'3"" U/S",counts.php
28965,176,,"$375 Pony Conf Hunter- Med 2'6""","176) $375 Pony Conf Hunter- Med 2'6""",counts.php
28966,177,,"$375 Pony Hunter Med 2'6"" (1st rnd Classic)","177) $375 Pony Hunter Med 2'6"" (1st rnd Classic)",counts.php
28967,178,,"$375 Pony Hunter Med 2'6""","178) $375 Pony Hunter Med 2'6""",counts.php
28968,179,,"$375 Pony Hunter Med 2'6""-Handy","179) $375 Pony Hunter Med 2'6""-Handy",counts.php
28969,180,,"$150 Pony Hunter Med 2'6"" U/S","180) $150 Pony Hunter Med 2'6"" U/S",counts.php
28970,182,,"$375 Pony Conf Hunter- Lg 2'9""","182) $375 Pony Conf Hunter- Lg 2'9""",counts.php
28971,183,,"$375 Pony Hunter Lg 2'9"" (1st rnd Classic)","183) $375 Pony Hunter Lg 2'9"" (1st rnd Classic)",counts.php
28972,184,,"$375 Pony Hunter Lg 2'9""","184) $375 Pony Hunter Lg 2'9""",counts.php
28973,185,,"$375 Pony Hunter Lg 2'9""-Handy","185) $375 Pony Hunter Lg 2'9""-Handy",counts.php
28974,186,,"$150 Pony Hunter Lg 2'9"" U/S","186) $150 Pony Hunter Lg 2'9"" U/S",counts.php
28984,200,,$300 Child Hunter 14/U 3',200) $300 Child Hunter 14/U 3',counts.php
28985,201,,$300 Child Hunter 14/U (1st rnd Classic) 3',201) $300 Child Hunter 14/U (1st rnd Classic) 3',counts.php
28986,202,,$300 Child Hunter 14/U 3',202) $300 Child Hunter 14/U 3',counts.php
28987,203,,$300 Child Hunter 14/U 3',203) $300 Child Hunter 14/U 3',counts.php
28988,204,,$200 Child Hunter 14/U U/S 3',204) $200 Child Hunter 14/U U/S 3',counts.php
28989,205,,$300 Child Hunter 15-17 3',205) $300 Child Hunter 15-17 3',counts.php
28990,206,,$300 Child Hunter 15-17 (1st rnd Classic) 3',206) $300 Child Hunter 15-17 (1st rnd Classic) 3',counts.php
28991,207,,$300 Child Hunter 15-17 3',207) $300 Child Hunter 15-17 3',counts.php
28992,208,,$300 Child Hunter 15-17 3',208) $300 Child Hunter 15-17 3',counts.php
28993,209,,$200 Child Hunter 15-17 U/S 3',209) $200 Child Hunter 15-17 U/S 3',counts.php
28975,210,,$100 Child Pony Hunter Sm/Med 2',210) $100 Child Pony Hunter Sm/Med 2',counts.php
28976,211,,$100 Child Pony Hunter Sm/Med 2' (1st rnd Classic),211) $100 Child Pony Hunter Sm/Med 2' (1st rnd Classic),counts.php
28977,212,,$100 Child Pony Hunter Sm/Med 2',212) $100 Child Pony Hunter Sm/Med 2',counts.php
28978,213,,$100 Child Pony Hunter Sm/Med 2',213) $100 Child Pony Hunter Sm/Med 2',counts.php
28980,214,,$50 Child Pony Hunter Sm/Med 2' U/S,214) $50 Child Pony Hunter Sm/Med 2' U/S,counts.php
28981,215,,"$100 Child Pony Hunter Lg 2'6""","215) $100 Child Pony Hunter Lg 2'6""",counts.php
28982,216,,"$100 Child Pony Hunter Lg 2'6"" (1st rnd Classic)","216) $100 Child Pony Hunter Lg 2'6"" (1st rnd Classic)",counts.php
29501,217,,"$100 Child Pony Hunter Lg 2'6""","217) $100 Child Pony Hunter Lg 2'6""",counts.php
29502,218,,"$100 Child Pony Hunter Lg 2'6""","218) $100 Child Pony Hunter Lg 2'6""",counts.php
28983,219,,"$50 Child Pony Hunter Lg 2'6"" U/S","219) $50 Child Pony Hunter Lg 2'6"" U/S",counts.php
28994,220,,$300 Adult Hunter 18-35 3',220) $300 Adult Hunter 18-35 3',counts.php
28995,221,,$300 Adult Hunter 18-35 (1st rnd Classic) 3',221) $300 Adult Hunter 18-35 (1st rnd Classic) 3',counts.php
28996,222,,$300 Adult Hunter 18-35 3',222) $300 Adult Hunter 18-35 3',counts.php
28998,223,,$300 Adult Hunter 18-35 3',223) $300 Adult Hunter 18-35 3',counts.php
28999,224,,$200 Adult Hunter 18-35 U/S 3',224) $200 Adult Hunter 18-35 U/S 3',counts.php
29000,225,,$300 Adult Hunter 36-54 3',225) $300 Adult Hunter 36-54 3',counts.php
29001,226,,$300 Adult Hunter 36-54(1st rnd Classic) 3',226) $300 Adult Hunter 36-54(1st rnd Classic) 3',counts.php
29002,227,,$300 Adult Hunter 36-54 3',227) $300 Adult Hunter 36-54 3',counts.php
29003,228,,$300 Adult Hunter 36-54 3',228) $300 Adult Hunter 36-54 3',counts.php
29004,229,,$200 Adult Hunter 36-54 U/S 3',229) $200 Adult Hunter 36-54 U/S 3',counts.php
29005,230,,$300 Adult Hunter 55+ 3',230) $300 Adult Hunter 55+ 3',counts.php
29006,231,,$300 Adult Hunter 55+ (1st rnd Classic) 3',231) $300 Adult Hunter 55+ (1st rnd Classic) 3',counts.php
29007,232,,$300 Adult Hunter 55+ 3',232) $300 Adult Hunter 55+ 3',counts.php
29008,233,,$300 Adult Hunter 55+ 3',233) $300 Adult Hunter 55+ 3',counts.php
29009,234,,$200 Adult Hunter 55+ U/S 3',234) $200 Adult Hunter 55+ U/S 3',counts.php
29010,235,,Thoroughbred Hunter 3',235) Thoroughbred Hunter 3',counts.php
29011,236,,Thoroughbred Hunter 3',236) Thoroughbred Hunter 3',counts.php
29012,237,,Thoroughbred Hunter 3',237) Thoroughbred Hunter 3',counts.php
29013,238,,Thoroughbred Hunter 3',238) Thoroughbred Hunter 3',counts.php
29014,239,,Thoroughbred Hunter U/S,239) Thoroughbred Hunter U/S,counts.php
29071,245,,"USHJA Hunter 3'3""","245) USHJA Hunter 3'3""",counts.php
29072,246,,"USHJA Hunter 3'3""","246) USHJA Hunter 3'3""",counts.php
29074,247,,"USHJA Hunter 3'3""","247) USHJA Hunter 3'3""",counts.php
29075,248,,"USHJA Hunter 3'3""","248) USHJA Hunter 3'3""",counts.php
29076,249,,"USHJA Hunter 3'3"" U/S","249) USHJA Hunter 3'3"" U/S",counts.php
29041,250,,Future Hunter 2',250) Future Hunter 2',counts.php
29042,251,,Future Hunter 2',251) Future Hunter 2',counts.php
29043,252,,Future Hunter 2',252) Future Hunter 2',counts.php
29044,253,,Future Hunter 2',253) Future Hunter 2',counts.php
29045,254,,Future Hunter 2' U/S,254) Future Hunter 2' U/S,counts.php
29051,255,,USHJA Hunter 2',255) USHJA Hunter 2',counts.php
29052,256,,USHJA Hunter 2',256) USHJA Hunter 2',counts.php
29053,257,,USHJA Hunter 2',257) USHJA Hunter 2',counts.php
29054,258,,USHJA Hunter 2',258) USHJA Hunter 2',counts.php
29055,259,,USHJA Hunter 2 U/S,259) USHJA Hunter 2 U/S,counts.php
29056,260,,"USHJA Hunter 2'3""","260) USHJA Hunter 2'3""",counts.php
29057,261,,"USHJA Hunter 2'3""","261) USHJA Hunter 2'3""",counts.php
29058,262,,"USHJA Hunter 2'3""","262) USHJA Hunter 2'3""",counts.php
29059,263,,"USHJA Hunter 2'3""","263) USHJA Hunter 2'3""",counts.php
29060,264,,"USHJA Hunter 2'3"" U/S","264) USHJA Hunter 2'3"" U/S",counts.php
29061,265,,"USHJA Hunter 2'6""","265) USHJA Hunter 2'6""",counts.php
29062,266,,"USHJA Hunter 2'6""","266) USHJA Hunter 2'6""",counts.php
29063,267,,"USHJA Hunter 2'6""","267) USHJA Hunter 2'6""",counts.php
29064,268,,"USHJA Hunter 2'6""","268) USHJA Hunter 2'6""",counts.php
29065,269,,"USHJA Hunter 2'6"" U/S","269) USHJA Hunter 2'6"" U/S",counts.php
29264,270,,"USHJA Hunter 2'9""","270) USHJA Hunter 2'9""",counts.php
29263,271,,"USHJA Hunter 2'9""","271) USHJA Hunter 2'9""",counts.php
29262,272,,"USHJA Hunter 2'9""","272) USHJA Hunter 2'9""",counts.php
29261,273,,"USHJA Hunter 2'9""","273) USHJA Hunter 2'9""",counts.php
29260,274,,"USHJA Hunter 2'9"" U/S","274) USHJA Hunter 2'9"" U/S",counts.php
29066,275,,USHJA Hunter 3',275) USHJA Hunter 3',counts.php
29067,276,,USHJA Hunter 3',276) USHJA Hunter 3',counts.php
29068,277,,USHJA Hunter 3',277) USHJA Hunter 3',counts.php
29069,278,,USHJA Hunter 3',278) USHJA Hunter 3',counts.php
29070,279,,USHJA Hunter 3'' U/S,279) USHJA Hunter 3'' U/S,counts.php
29046,280,,"Baby Green Hunter 2'6""","280) Baby Green Hunter 2'6""",counts.php
29047,281,,Baby Green Hunter 2'6',281) Baby Green Hunter 2'6',counts.php
29048,282,,Baby Green Hunter 2'6',282) Baby Green Hunter 2'6',counts.php
29049,283,,"Baby Green Hunter 2'6""","283) Baby Green Hunter 2'6""",counts.php
29050,284,,Baby Green Hunter U/S,284) Baby Green Hunter U/S,counts.php
29429,305,,$100 Low Children's Hunter 14 & U 2'6',305) $100 Low Children's Hunter 14 & U 2'6',counts.php
29430,306,,"$100 Low Children's Hunter 14 & U (1st rnd Classic) 2'6""","306) $100 Low Children's Hunter 14 & U (1st rnd Classic) 2'6""",counts.php
29444,307,,$100 Low Children's Hunter 14 & U 2'6',307) $100 Low Children's Hunter 14 & U 2'6',counts.php
29445,308,,$100 Low Children's Hunter 14 & U 2'6',308) $100 Low Children's Hunter 14 & U 2'6',counts.php
29446,309,,$50 Low Children's Hunter 14 & U 2'6' U/S,309) $50 Low Children's Hunter 14 & U 2'6' U/S,counts.php
29015,310,,$100 Low Children's Hunter 15-17 2'6',310) $100 Low Children's Hunter 15-17 2'6',counts.php
29016,311,,"$100 Low Children's Hunter 15-17(1st rnd Classic) 2'6""","311) $100 Low Children's Hunter 15-17(1st rnd Classic) 2'6""",counts.php
29017,312,,$100 Low Children's Hunter 15-17 2'6',312) $100 Low Children's Hunter 15-17 2'6',counts.php
29018,313,,$100 Low Children's Hunter 15-17 2'6',313) $100 Low Children's Hunter 15-17 2'6',counts.php
29019,314,,$50 Low Children's Hunter 15-17 2'6' U/S,314) $50 Low Children's Hunter 15-17 2'6' U/S,counts.php
29020,315,,$100 Low Children's Pony Hunter 2',315) $100 Low Children's Pony Hunter 2',counts.php
29021,316,,$100 Low Children's Pony Hunter 2',316) $100 Low Children's Pony Hunter 2',counts.php
29022,317,,$100 Low Children's Pony Hunter 2',317) $100 Low Children's Pony Hunter 2',counts.php
29023,318,,$100 Low Children's Pony Hunter 2',318) $100 Low Children's Pony Hunter 2',counts.php
29024,319,,$50 Low Children's Pony Hunter U/S,319) $50 Low Children's Pony Hunter U/S,counts.php
29025,320,,"$100 Low Adult Hunter 18-35 2'6""","320) $100 Low Adult Hunter 18-35 2'6""",counts.php
29026,321,,"$100 Low Adult Hunter 18-35 (1st rnd Classic) 2'6""","321) $100 Low Adult Hunter 18-35 (1st rnd Classic) 2'6""",counts.php
29027,322,,"$100 Low Adult Hunter 18-35 2'6""","322) $100 Low Adult Hunter 18-35 2'6""",counts.php
29028,323,,"$100 Low Adult Hunter 18-35 2'6""","323) $100 Low Adult Hunter 18-35 2'6""",counts.php
29029,324,,$50 Low Adult Hunter 18-35 U/S,324) $50 Low Adult Hunter 18-35 U/S,counts.php
29030,325,,"$100 Low Adult Hunter 36-54 2'6""","325) $100 Low Adult Hunter 36-54 2'6""",counts.php
29031,326,,$100 Low Adult Hunter 36-54 (1st rnd Classic) 2'6',326) $100 Low Adult Hunter 36-54 (1st rnd Classic) 2'6',counts.php
29032,327,,"$100 Low Adult Hunter 36-54 2'6""","327) $100 Low Adult Hunter 36-54 2'6""",counts.php
29034,328,,"$100 Low Adult Hunter 36-54 2'6""","328) $100 Low Adult Hunter 36-54 2'6""",counts.php
29035,329,,$50 Low Adult Hunter 36-54 U/S,329) $50 Low Adult Hunter 36-54 U/S,counts.php
29036,330,,"$100 Low Adult Hunter 55+ 2'6""","330) $100 Low Adult Hunter 55+ 2'6""",counts.php
29037,331,,$100 Low Adult Hunter 55+ (1st rnd Classic) 2'6',331) $100 Low Adult Hunter 55+ (1st rnd Classic) 2'6',counts.php
29038,332,,"$100 Low Adult Hunter 55+ 2'6""","332) $100 Low Adult Hunter 55+ 2'6""",counts.php
29039,333,,"$100 Low Adult Hunter 55+ 2'6""","333) $100 Low Adult Hunter 55+ 2'6""",counts.php
29040,334,,$50 Low Adult Hunter 55+ U/S,334) $50 Low Adult Hunter 55+ U/S,counts.php
29176,404,,"$10,000 USHJA UF Vet Hunter Derby 3' Open","404) $10,000 USHJA UF Vet Hunter Derby 3' Open",counts.php
29177,405,,"$10,000 USHJA National Hunter Derby 3' Jr/Am","405) $10,000 USHJA National Hunter Derby 3' Jr/Am",counts.php
29178,406,,"$10,000 Golden Ocala Hunter Derby 3'6/3'9","406) $10,000 Golden Ocala Hunter Derby 3'6/3'9",counts.php
29179,407,,"$2,000 USHJA Pony Hunt & Go Derby 2'3""/2'6""/2'9""","407) $2,000 USHJA Pony Hunt & Go Derby 2'3""/2'6""/2'9""",counts.php
29175,408,,"$2500 WEC NonPro Hunt & Go Derby 2'6"" Child","408) $2500 WEC NonPro Hunt & Go Derby 2'6"" Child",counts.php
29187,412,,"$3500 Junior Hunter Classic 3'6"" Small","412) $3500 Junior Hunter Classic 3'6"" Small",counts.php
29189,413,,"$3500 Junior Hunter Classic 3'6"" Large","413) $3500 Junior Hunter Classic 3'6"" Large",counts.php
33453,414,,"$2500 Junior Hunter Classic 3'3""","414) $2500 Junior Hunter Classic 3'3""",counts.php
29185,416,,"$2500 Amateur Owner Hunter Classic 3'3""","416) $2500 Amateur Owner Hunter Classic 3'3""",counts.php
29186,417,,"$3500 Amateur Owner Hunter Classic 3'6""","417) $3500 Amateur Owner Hunter Classic 3'6""",counts.php
29431,418,,"$2500 Pony Hunter Classic 2'3/2'6""/2'9""","418) $2500 Pony Hunter Classic 2'3/2'6""/2'9""",counts.php
29463,419,,"$1500 Green Pony Hunter Classic 2'9""/2'6""/2'3""","419) $1500 Green Pony Hunter Classic 2'9""/2'6""/2'3""",counts.php
29193,420,,$1000 Children's Pony Hunter Classic 2'/2'6',420) $1000 Children's Pony Hunter Classic 2'/2'6',counts.php
29194,421,,$1500 NAL/WIHS Children's Hunter Classic 14 & U 3',421) $1500 NAL/WIHS Children's Hunter Classic 14 & U 3',counts.php
29195,422,,$1500 NAL/WIHS Children's Hunter Classic 15-17 3',422) $1500 NAL/WIHS Children's Hunter Classic 15-17 3',counts.php
29196,423,,$1500 NAL/WIHS Adult Hunter Classic 18-35 3',423) $1500 NAL/WIHS Adult Hunter Classic 18-35 3',counts.php
29197,424,,$1500 NAL/WIHS Adult Hunter Classic 36+ 3',424) $1500 NAL/WIHS Adult Hunter Classic 36+ 3',counts.php
33454,425,,"$1250 Low Children's Hunter Classic 2'6""","425) $1250 Low Children's Hunter Classic 2'6""",counts.php
29199,427,,$1250 Low Adult Hunter Classic 18-35 2'6',427) $1250 Low Adult Hunter Classic 18-35 2'6',counts.php
29200,428,,$1250 Low Adult Hunter Classic 36+ 2'6',428) $1250 Low Adult Hunter Classic 36+ 2'6',counts.php
29181,430,,$1000 USHJA Green Hunter Incentive 3',430) $1000 USHJA Green Hunter Incentive 3',counts.php
29182,431,,"$1000 USHJA Green Hunter Incentive 3'3""","431) $1000 USHJA Green Hunter Incentive 3'3""",counts.php
29454,432,,"$1000 USHJA Green Hunter Incentive 3'6""/3'9""","432) $1000 USHJA Green Hunter Incentive 3'6""/3'9""",counts.php
29202,500,,Equitation 11/U 2',500) Equitation 11/U 2',counts.php
29203,501,,Equitation 11/U 2',501) Equitation 11/U 2',counts.php
29204,502,,Equitation 11/U Flat,502) Equitation 11/U Flat,counts.php
29205,503,,Equitation 12-14 2'9',503) Equitation 12-14 2'9',counts.php
29206,504,,Equitation 12-14 2'9',504) Equitation 12-14 2'9',counts.php
29207,505,,Equitation 12-14 Flat,505) Equitation 12-14 Flat,counts.php
29208,506,,"Equitation 15-17 3'3""","506) Equitation 15-17 3'3""",counts.php
29209,507,,"Equitation 15-17 3'3""","507) Equitation 15-17 3'3""",counts.php
29210,508,,Equitation 15-17 Flat,508) Equitation 15-17 Flat,counts.php
29211,509,,Adult Equitation 3',509) Adult Equitation 3',counts.php
29212,510,,Adult Equitation 3',510) Adult Equitation 3',counts.php
29213,511,,Adult Equitation Flat,511) Adult Equitation Flat,counts.php
29214,512,,Children's Equitation 3',512) Children's Equitation 3',counts.php
29215,513,,Children's Equitation 3',513) Children's Equitation 3',counts.php
29216,514,,Children's Equitation Flat,514) Children's Equitation Flat,counts.php
29217,515,,"Low Children's Equitation 2'6""","515) Low Children's Equitation 2'6""",counts.php
29218,516,,"Low Children's Equitation 2'6""","516) Low Children's Equitation 2'6""",counts.php
29219,517,,Low Children's Equitation Flat,517) Low Children's Equitation Flat,counts.php
29220,518,,"Low Adult Equitation 2'6""","518) Low Adult Equitation 2'6""",counts.php
29221,519,,Low Adult Equitation 2'6',519) Low Adult Equitation 2'6',counts.php
29222,520,,Low Adult Equitation Flat,520) Low Adult Equitation Flat,counts.php
29493,521,,"Pony Equitation 2'3""/2'6""/2'9""","521) Pony Equitation 2'3""/2'6""/2'9""",counts.php
29494,522,,"Pony Equitation 2'3""/2'6""/2'9""","522) Pony Equitation 2'3""/2'6""/2'9""",counts.php
29495,523,,Pony Equitation Flat,523) Pony Equitation Flat,counts.php
29490,524,,"Children's Pony Equitation 2'/2'6""","524) Children's Pony Equitation 2'/2'6""",counts.php
29491,525,,"Children's Pony Equitation 2'/2'6""","525) Children's Pony Equitation 2'/2'6""",counts.php
29492,526,,Children's Pony Equitation Flat,526) Children's Pony Equitation Flat,counts.php
29231,527,,Platinum Performance USEF Talent Search 3'9',527) Platinum Performance USEF Talent Search 3'9',counts.php
29229,528,,"USEF Hunter Seat Medal 3'6""","528) USEF Hunter Seat Medal 3'6""",counts.php
29240,529,,"WIHS Equitation Hunter Phase 3'6""","529) WIHS Equitation Hunter Phase 3'6""",counts.php
29241,530,,"WIHS Equitation Jumper Phase 3'6""","530) WIHS Equitation Jumper Phase 3'6""",counts.php
29242,531,,"WIHS Equitation Overall 3'6""","531) WIHS Equitation Overall 3'6""",counts.php
29243,532,,"ASPCA Maclay 3'6""","532) ASPCA Maclay 3'6""",counts.php
29244,533,,"NHS Medal 3'3""","533) NHS Medal 3'3""",counts.php
29232,534,,Ariat Adult Medal 3',534) Ariat Adult Medal 3',counts.php
29238,535,,THIS Children's Medal 14/U 3',535) THIS Children's Medal 14/U 3',counts.php
29239,536,,THIS Children's Medal 15-17 3',536) THIS Children's Medal 15-17 3',counts.php
29233,537,,"USHJA 3'3"" Am Jumping Seat Medal","537) USHJA 3'3"" Am Jumping Seat Medal",counts.php
29234,538,,"USHJA Jumping Seat Medal 3'3""","538) USHJA Jumping Seat Medal 3'3""",counts.php
29235,539,,"USHJA Hunter Seat Medal 3'3""","539) USHJA Hunter Seat Medal 3'3""",counts.php
29468,545,,"USEF Pony Medal (Open Card) 2'9""/2'6""/2'3""","545) USEF Pony Medal (Open Card) 2'9""/2'6""/2'3""",counts.php
29469,546,,"WIHS Pony Equitation (Open Card) 2'9""/2'6""/2'3""","546) WIHS Pony Equitation (Open Card) 2'9""/2'6""/2'3""",counts.php
29245,547,,THIS Adult Medal 3',547) THIS Adult Medal 3',counts.php
29246,548,,"World Equestrian Center Premier Cup 3'6""","548) World Equestrian Center Premier Cup 3'6""",counts.php
28950,549,,"NCEA Medal 3'3""","549) NCEA Medal 3'3""",counts.php
29140,600,,$100 .65m Jumper Open IV.1,600) $100 .65m Jumper Open IV.1,counts.php
29141,601,,$100 .65m Jumper Open IV.1,601) $100 .65m Jumper Open IV.1,counts.php
29142,602,,$100 .65m Jumper Open IV.1,602) $100 .65m Jumper Open IV.1,counts.php
29143,603,,$100 .65m Jumper Long Creek Farm Junior/Amateur IV.1,603) $100 .65m Jumper Long Creek Farm Junior/Amateur IV.1,counts.php
29144,604,,$100 .65m Jumper Long Creek Farm Junior/Amateur IV.1,604) $100 .65m Jumper Long Creek Farm Junior/Amateur IV.1,counts.php
29145,605,,$100 .65m Jumper Long Creek Farm Junior/Amateur IV.1,605) $100 .65m Jumper Long Creek Farm Junior/Amateur IV.1,counts.php
29391,606,,.75m Jumper Open IV.1,606) .75m Jumper Open IV.1,counts.php
29392,607,,.75m Jumper Open IV.1,607) .75m Jumper Open IV.1,counts.php
29393,608,,.75m Jumper Open IV.1,608) .75m Jumper Open IV.1,counts.php
29397,609,,.75m Jumper Junior/Amateur IV.1,609) .75m Jumper Junior/Amateur IV.1,counts.php
29398,610,,.75m Jumper Junior/Amateur IV.1,610) .75m Jumper Junior/Amateur IV.1,counts.php
29399,611,,.75m Jumper Junior/Amateur IV.1,611) .75m Jumper Junior/Amateur IV.1,counts.php
29152,618,,.85m Jumper Open II.2d,618) .85m Jumper Open II.2d,counts.php
29153,619,,.85m Jumper Open II.2d,619) .85m Jumper Open II.2d,counts.php
29154,620,,.85m Jumper Open II.2b,620) .85m Jumper Open II.2b,counts.php
29156,621,,.85m Jumper Junior/Amateur II.2d,621) .85m Jumper Junior/Amateur II.2d,counts.php
29157,622,,.85m Jumper Junior/Amateur II.2d,622) .85m Jumper Junior/Amateur II.2d,counts.php
29158,623,,.85m Jumper Junior/Amateur II.2b,623) .85m Jumper Junior/Amateur II.2b,counts.php
29394,624,,.95m Jumper II.1,624) .95m Jumper II.1,counts.php
29159,627,,1.00m Jumper II.1,627) 1.00m Jumper II.1,counts.php
29160,628,,1.00m Jumper II.2d,628) 1.00m Jumper II.2d,counts.php
29401,629,,1.00m Jumper II.1,629) 1.00m Jumper II.1,counts.php
29161,630,,1.10m Jumper II.1,630) 1.10m Jumper II.1,counts.php
29162,631,,1.10m Jumper II.2d,631) 1.10m Jumper II.2d,counts.php
29163,632,,1.10m Jumper II.2b,632) 1.10m Jumper II.2b,counts.php
29164,633,,1.15m Jumper II.1,633) 1.15m Jumper II.1,counts.php
29165,634,,1.15m Jumper II.2d,634) 1.15m Jumper II.2d,counts.php
29402,635,,1.15m Jumper II.2b,635) 1.15m Jumper II.2b,counts.php
29128,636,,$500 1.20m Jumper II.1,636) $500 1.20m Jumper II.1,counts.php
29129,637,,$500 1.20m Jumper II.2d,637) $500 1.20m Jumper II.2d,counts.php
29130,638,,$500 1.20m Jumper II.2b,638) $500 1.20m Jumper II.2b,counts.php
29131,642,,$1000 1.30m Jumper II.1,642) $1000 1.30m Jumper II.1,counts.php
29132,643,,$1000 1.30m Jumper II.2d,643) $1000 1.30m Jumper II.2d,counts.php
29133,644,,$1000 1.30m Jumper II.2b,644) $1000 1.30m Jumper II.2b,counts.php
29134,645,,$1000 1.35m Jumper II.1,645) $1000 1.35m Jumper II.1,counts.php
29135,646,,$1000 1.35m Jumper II.2d,646) $1000 1.35m Jumper II.2d,counts.php
29136,647,,$1000 1.35m Jumper II.2b,647) $1000 1.35m Jumper II.2b,counts.php
29137,648,,$1500 1.40m Jumper II.1,648) $1500 1.40m Jumper II.1,counts.php
29138,649,,$1500 1.40m Jumper II.2d,649) $1500 1.40m Jumper II.2d,counts.php
28979,650,,$2000 1.45m Jumper II.1,650) $2000 1.45m Jumper II.1,counts.php
29433,680,,.90m Young Jumpers II,680) .90m Young Jumpers II,counts.php
29449,681,,.90m Young Jumpers II,681) .90m Young Jumpers II,counts.php
29450,682,,.90m Young Jumpers II,682) .90m Young Jumpers II,counts.php
29451,683,,1.0m Young Jumpers II,683) 1.0m Young Jumpers II,counts.php
29452,684,,1.0m Young Jumpers II,684) 1.0m Young Jumpers II,counts.php
29453,685,,1.0m Young Jumpers II,685) 1.0m Young Jumpers II,counts.php
29166,686,,1.10m Young Jumper II,686) 1.10m Young Jumper II,counts.php
29167,687,,1.10m Young Jumper II,687) 1.10m Young Jumper II,counts.php
29168,688,,1.10m Young Jumper II,688) 1.10m Young Jumper II,counts.php
29169,689,,$250 1.20m Young Jumper II.1,689) $250 1.20m Young Jumper II.1,counts.php
29170,690,,$250 1.20m Young Jumper II.2d,690) $250 1.20m Young Jumper II.2d,counts.php
29171,691,,$250 1.20m Young Jumper II.2b,691) $250 1.20m Young Jumper II.2b,counts.php
29172,692,,$250 1.30m Young Jumper II.1,692) $250 1.30m Young Jumper II.1,counts.php
29173,693,,$250 1.30m Young Jumper II.2d,693) $250 1.30m Young Jumper II.2d,counts.php
29174,694,,$250 1.30m Young Jumper II.2b,694) $250 1.30m Young Jumper II.2b,counts.php
29125,695,,$100 1.0m Thoroughbred Jumper II.1,695) $100 1.0m Thoroughbred Jumper II.1,counts.php
29126,696,,$100 1.0m Thoroughbred Jumper II.2d,696) $100 1.0m Thoroughbred Jumper II.2d,counts.php
29127,697,,$100 1.0m Thoroughbred Jumper II.2b,697) $100 1.0m Thoroughbred Jumper II.2b,counts.php
29119,731,,$150 .90m Novice Junior Jumper II.1,731) $150 .90m Novice Junior Jumper II.1,counts.php
29120,732,,$150 .90m Novice Junior Jumper II.2d,732) $150 .90m Novice Junior Jumper II.2d,counts.php
29122,734,,$150 .90m Novice Amateur Jumper II.1,734) $150 .90m Novice Amateur Jumper II.1,counts.php
29123,735,,$150 .90m Novice Amateur Jumper II.2d,735) $150 .90m Novice Amateur Jumper II.2d,counts.php
29113,737,,$200 1.00m Junior Jumper II.1,737) $200 1.00m Junior Jumper II.1,counts.php
29114,738,,$200 1.00m Junior Jumper II.2d,738) $200 1.00m Junior Jumper II.2d,counts.php
29116,740,,$200 1.00m Amateur Jumper II.1,740) $200 1.00m Amateur Jumper II.1,counts.php
29117,741,,$200 1.00m Amateur Jumper II.2d,741) $200 1.00m Amateur Jumper II.2d,counts.php
29107,749,,$500 1.10m Junior Jumper II.1,749) $500 1.10m Junior Jumper II.1,counts.php
29108,750,,$500 1.10m Junior Jumper II.2d,750) $500 1.10m Junior Jumper II.2d,counts.php
29110,755,,$500 1.10m Amateur Jumper II.1,755) $500 1.10m Amateur Jumper II.1,counts.php
29111,756,,$500 1.10m Amateur Jumper II.2d,756) $500 1.10m Amateur Jumper II.2d,counts.php
29104,757,,$600 1.15m Junior/Amateur Jumper II.1,757) $600 1.15m Junior/Amateur Jumper II.1,counts.php
29105,758,,$600 1.15m Junior/Amateur Jumper II.2d,758) $600 1.15m Junior/Amateur Jumper II.2d,counts.php
29477,768,,$1500 1.20m Junior/Amateur Jumper II.1,768) $1500 1.20m Junior/Amateur Jumper II.1,counts.php
29478,769,,$1500 1.20m Junior/Amateur Jumper II.2d,769) $1500 1.20m Junior/Amateur Jumper II.2d,counts.php
33465,775,,$2000 1.30m JR/AM Jumper II.1,775) $2000 1.30m JR/AM Jumper II.1,counts.php
33466,776,,$2000 1.30m JR/AM Jumper II.2d,776) $2000 1.30m JR/AM Jumper II.2d,counts.php
29095,781,,$2500 1.40m Jr/Am Jumper II.1,781) $2500 1.40m Jr/Am Jumper II.1,counts.php
29096,782,,$2500 1.40m Jr/Am Jumper II.2d,782) $2500 1.40m Jr/Am Jumper II.2d,counts.php
29180,803,,"$10,000 Buckeye Nutrition Futures Prix 1.40m II.2b","803) $10,000 Buckeye Nutrition Futures Prix 1.40m II.2b",counts.php
29455,804,,"$15,000 C. Jarvis Insurance Welcome Prix 1.40m II.2b","804) $15,000 C. Jarvis Insurance Welcome Prix 1.40m II.2b",counts.php
29413,805,,"$50,000 First Equestrian Grand Prix 1.45m II.2a American Std","805) $50,000 First Equestrian Grand Prix 1.45m II.2a American Std",counts.php
29121,809,,$500 .95m Novice Junior Classic II.2b,809) $500 .95m Novice Junior Classic II.2b,counts.php
29124,810,,$500 .95m Novice Amateur Classic II.2b,810) $500 .95m Novice Amateur Classic II.2b,counts.php
29115,811,,$750 1.05m Junior Classic II.2b,811) $750 1.05m Junior Classic II.2b,counts.php
29118,812,,$750 1.05m Amateur Classic II.2b,812) $750 1.05m Amateur Classic II.2b,counts.php
29109,813,,$2500 1.10m NAL/WIHS Junior Classic II.2b,813) $2500 1.10m NAL/WIHS Junior Classic II.2b,counts.php
29112,815,,$2500 1.10m NAL/WIHS Amateur Classic II.2b,815) $2500 1.10m NAL/WIHS Amateur Classic II.2b,counts.php
29106,816,,$3000 1.15m Junior/Amateur Classic II.2b,816) $3000 1.15m Junior/Amateur Classic II.2b,counts.php
29409,817,,$500 .65m Long Creek Farm Junior/Amateur Classic II.2b,817) $500 .65m Long Creek Farm Junior/Amateur Classic II.2b,counts.php
29410,818,,$500 .75m Junior/Amateur Classic II.2b,818) $500 .75m Junior/Amateur Classic II.2b,counts.php
29412,820,,$500 .85m Junior/Amateur Classic II.2b,820) $500 .85m Junior/Amateur Classic II.2b,counts.php
29479,851,,$5000 NAL 1.25m FreeRide Equestrian Jr/Am Classic II.2b,851) $5000 NAL 1.25m FreeRide Equestrian Jr/Am Classic II.2b,counts.php
29100,853,,$5000 NAL 1.35m Prestige Italia Jr/Am Classic II.2b,853) $5000 NAL 1.35m Prestige Italia Jr/Am Classic II.2b,counts.php
29097,855,,"$10,000 1.45m Junior/Amateur Classic II.2b","855) $10,000 1.45m Junior/Amateur Classic II.2b",counts.php
29139,856,,$7500 1.40m ARIAT Jumper Classic II.2b,856) $7500 1.40m ARIAT Jumper Classic II.2b,counts.php
29470,900,,Short/Long Stirrup Hunter 2',900) Short/Long Stirrup Hunter 2',counts.php
29471,901,,Short/Long Stirrup Hunter (1st rnd Classic)) 2',901) Short/Long Stirrup Hunter (1st rnd Classic)) 2',counts.php
29472,902,,Short/Long Stirrup Hunter 2',902) Short/Long Stirrup Hunter 2',counts.php
29473,903,,Short/Long Stirrup Hunter 2',903) Short/Long Stirrup Hunter 2',counts.php
29474,904,,Short/Long Stirrup Hunter U/S,904) Short/Long Stirrup Hunter U/S,counts.php
29496,910,,Short/Long Stirrup Equitation 2',910) Short/Long Stirrup Equitation 2',counts.php
29497,911,,Short/Long Stirrup Equitation 2',911) Short/Long Stirrup Equitation 2',counts.php
29498,912,,Short/Long Stirrup Equitation Flat,912) Short/Long Stirrup Equitation Flat,counts.php
33455,916,,"Crossrails 18""","916) Crossrails 18""",counts.php
33456,917,,"Crossrails 18""","917) Crossrails 18""",counts.php
33457,918,,"Crossrails 18""","918) Crossrails 18""",counts.php
33458,919,,"Crossrails 18""","919) Crossrails 18""",counts.php
33459,920,,Crossrails Flat,920) Crossrails Flat,counts.php
29201,926,,$500 Short Stirrup/Long Stirrup Classic 2',926) $500 Short Stirrup/Long Stirrup Classic 2',counts.php
29248,927,,Walk Trot Equitation Ground Rails,927) Walk Trot Equitation Ground Rails,counts.php
29249,928,,Walk Trot Equitation Ground Rails,928) Walk Trot Equitation Ground Rails,counts.php
29250,929,,Walk Trot Equitation Ground Rails,929) Walk Trot Equitation Ground Rails,counts.php
29251,930,,Walk Trot Equitation Ground Rails,930) Walk Trot Equitation Ground Rails,counts.php
29252,931,,Walk Trot Equitation Ground Rails Flat,931) Walk Trot Equitation Ground Rails Flat,counts.php
29247,2001,,Leadline,2001) Leadline,counts.php
28944,2200,,FEI CSI2* Horse Inspection & Jog,2200) FEI CSI2* Horse Inspection & Jog,counts.php
29237,2201,,"$4,000 4CYTE 1.40m CSI2* Two Phase 222.1.4.3","2201) $4,000 4CYTE 1.40m CSI2* Two Phase 222.1.4.3",counts.php
28941,2202,,"$32,000 4CYTE 1.45m CSI2* Speed 220.2.1.1","2202) $32,000 4CYTE 1.45m CSI2* Speed 220.2.1.1",counts.php
28943,2203,,"$32,000 4 CYTE Grand Prix Qualifier CSI2* 1.45m 220.2.1.2","2203) $32,000 4 CYTE Grand Prix Qualifier CSI2* 1.45m 220.2.1.2",counts.php
28940,2204,,"$85,000 4CYTE Grand Prix FEI CSI2* 1.45m 220.2.1.2","2204) $85,000 4CYTE Grand Prix FEI CSI2* 1.45m 220.2.1.2",counts.php
29265,9001,,Ticketed Schooling-Tuesday Indoor 5 8:00 am- 4:00 pm,9001) Ticketed Schooling-Tuesday Indoor 5 8:00 am- 4:00 pm,counts.php
29266,9002,,Ticketed Schooling-Tuesday Indoor 6 8:30 am 4:30 pm,9002) Ticketed Schooling-Tuesday Indoor 6 8:30 am 4:30 pm,counts.php
29269,9004,,Ticketed Schooling-Tuesday Indoor 1 8:30 am 4:30 pm,9004) Ticketed Schooling-Tuesday Indoor 1 8:30 am 4:30 pm,counts.php
29270,9005,,Ticketed Schooling-Tuesday Indoor 2 8:30 am 4:30 pm,9005) Ticketed Schooling-Tuesday Indoor 2 8:30 am 4:30 pm,counts.php
29272,9006,,Ticketed Schooling-Tuesday Indoor 4 8:00 am 3:00am,9006) Ticketed Schooling-Tuesday Indoor 4 8:00 am 3:00am,counts.php
29408,9013,,Ticketed Schooling- Wednesday Hunter 2 8am- 3:00pm,9013) Ticketed Schooling- Wednesday Hunter 2 8am- 3:00pm,counts.php
29417,9014,,Ticketed Schooling- Thursday Hunter 2 8am- 3pm,9014) Ticketed Schooling- Thursday Hunter 2 8am- 3pm,counts.php
29418,9015,,Ticketed Schooling- Friday Hunter 2 8am- 3pm,9015) Ticketed Schooling- Friday Hunter 2 8am- 3pm,counts.php
29419,9016,,Ticketed Schooling- Saturday Hunter 2 8am- 3pm,9016) Ticketed Schooling- Saturday Hunter 2 8am- 3pm,counts.php
29420,9017,,Ticketed Schooling- Sunday Hunter 2 8am- 12pm,9017) Ticketed Schooling- Sunday Hunter 2 8am- 12pm,counts.php
33484,9018,,Ticketed Schooling- Tuesday Jumper Annex 8:00am-3:00pm,9018) Ticketed Schooling- Tuesday Jumper Annex 8:00am-3:00pm,counts.php
33485,9019,,Ticketed Schooling- Wednesday Jumper Annex 8:00am-3:00pm,9019) Ticketed Schooling- Wednesday Jumper Annex 8:00am-3:00pm,counts.php
33486,9020,,Ticketed Schooling- Thursday Jumper Annex 8:00am-3:00pm,9020) Ticketed Schooling- Thursday Jumper Annex 8:00am-3:00pm,counts.php
33493,13,$400,High Perf 4'/Perf Hunter 3'6,13) $400 High Perf 4'/Perf Hunter 3'6,update_schedule.php
33494,14,$400,High Perf 4'/Perf Hunter 3'6,14) $400 High Perf 4'/Perf Hunter 3'6,update_schedule.php