entry_no,horse,rider,trainer,source
146,Tulara Cascara,Aaron Vale,Ben Taylor,class_oog.php
123,Cordis Totalis Z,Selcuk Koksalan,Selcuk Koksalan,class_oog.php
153,Champion League,Sharn L. Wordley,Sharn L. Wordley,class_oog.php
114,Mestizo Ls,Lukene Arenas,Lukene Arenas,class_oog.php
104,Helia Ffh,Kyle Dewar,Kyle Dewar,class_oog.php
158,Icare Chavannais,Priscilla Broger,Priscilla Broger,class_oog.php
132,Hop Mouche,Laura Gaither,Laura Gaither,class_oog.php
160,The Golden Road,Camille Maynard,Camille Maynard,class_oog.php
111,Cascais Hc,Juan J. Bancalari,Juan M. Bolanos,class_oog.php
126,Hendrick Des Forets,Jodie Camberg,Megan Wexler,class_oog.php
115,Goliath De L’ Eldorado,Declan Egan,Declan Egan,class_oog.php
106,Kadar Hbc,Simon Arango,Juan M. Bolanos,class_oog.php
147,Effixe Du Melnire,Juan E. Hidalgo,Juan E. Hidalgo,class_oog.php
155,Nimbus Rfb,Aaron Vale,Ben Taylor,class_oog.php
159,S&l Protector,Ciaran Flynn,Michael J. Mccormick,class_oog.php
156,Yalambis Ikon,Maddison Stephen,Maddison Stephen,class_oog.php
124,Montecristo,Selcuk Koksalan,Selcuk Koksalan,class_oog.php
154,Hagelin,Sharn L. Wordley,Sharn L. Wordley,class_oog.php
103,Hutin De L'abbaye,Kyle Dewar,Kyle Dewar,class_oog.php
120,Charly Brown 353,Maya Denis,Megan Wexler,class_oog.php
105,Hopefull Menjoulet,Taylor St Jacques,Taylor St Jacques,class_oog.php
125,Conthinder,Sophia Ayers,Ben Taylor,class_oog.php
108,Chriszi,David Cameron,David Cameron,class_oog.php
134,Hollywood V,Amanda Gomez,Pamela Gomez,class_oog.php
107,Conthalando Ps,Manuel G. Torres,Manuel G. Torres,class_oog.php
157,Verdini D'houtveld Z,Lauren Balcomb,Sharn L. Wordley,class_oog.php
141,Sternmarke 3,Wilton J. Porter,Wilton J. Porter,class_oog.php
151,Contigo Z,Samuel Parot,Samuel Parot,class_oog.php
143,Pmf Inventiv,Angela Swanson,Angela Swanson,class_oog.php
145,Chutter Du Rouet Ps,Aaron Vale,Ben Taylor,class_oog.php
113,Arezzo Z,Juan M. Bolanos,Juan M. Bolanos,class_oog.php
133,My Diamant,Laura Gaither,Laura Gaither,class_oog.php
162,Hakatann De Lojou,Ashlee Bond,Ashlee Bond,class_oog.php
161,Jason Brown,Flavio Montenegro,Ben Taylor,class_oog.php
122,Feinschnitt,Dominique Gonzalez,Terry Gonzalez,class_oog.php
112,Fraxinus Des Coeuries,Juan J. Bancalari,Juan M. Bolanos,class_oog.php
129,Mtm Can Talk To Me,Tracy Fenney,Michael J. Mccormick,class_oog.php
142,Puccini Van Orti,Lia Screnci,Lia Screnci,class_oog.php
109,Elalisa,Maleah Lang Mcmahon,Maleah Lang Mcmahon,class_oog.php
127,Artic Jt Z,Captain Brian Cournane,Captain Brian Cournane,class_oog.php
138,Cardozo 4,Tanner Korotkin,Alan Korotkin,class_oog.php
149,Quicksilver C,Luis Sabino Goncalves,Luis Sabino Goncalves,class_oog.php
118,Comme Ci Comme Ca,Ashlee Bond,Ashlee Bond,class_oog.php
140,Dorchester,Nora Nauss,Andrew C. Welles,class_oog.php
116,Santiago Vh Netehof,Cormac Hanley,Thea N. Stinnett,class_oog.php
152,Gradje O,Samuel Parot,Samuel Parot,class_oog.php
131,Mtm Pablo,Tracy Fenney,Michael J. Mccormick,class_oog.php
119,Diamond Rbc Z,Jenna P. Friedman-Lopez,Jenna P. Friedman-Lopez,class_oog.php
1565,Diabolo De La Roque,Antonio J. Martinez,Antonio J. Martinez,class_oog.php
1112,Cavendish,Wilton J. Porter,Wilton J. Porter,class_oog.php
3007,Del’arkan,Ryan Baldwin,Debbie L. Mccarthy-Connor,class_oog.php
1587,Dominance Z,Captain Brian Cournane,Captain Brian Cournane,class_oog.php
2952,Glenara Chacco Dp,Brian Murphy,Brian Murphy,class_oog.php
2934,Jalanne,Jelmer Hoekstra,Jelmer Hoekstra,class_oog.php
1700,Chacoons Bellis Z,Todd D. Minikus,Todd D. Minikus,class_oog.php
2362,Constantin De Hus,John Michael Durr,John Michael Durr,class_oog.php
1907,Wild Kat,Jamie Alnwick,Scott Keach,class_oog.php
2020,Kannador,Clark Montgomery,Molly A. Kenney,class_oog.php
1696,Kinmar Candy Hero,Declan Egan,Declan Egan,class_oog.php
1341,Modena Lc,Juan J. Bancalari,Juan J. Bancalari,class_oog.php
2124,Spy,Paul O'Shea,Davide Troncanetti,class_oog.php
2961,Evolene De Carles,Vicente Guillen,Vicente Guillen,class_oog.php
1784,Storiall Blue,Stella Stinnett,Thea N. Stinnett,class_oog.php
2185,Inka Malpic,Rebecca Conway,Conan Conway,class_oog.php
1919,Carla,Selcuk Koksalan,Selcuk Koksalan,class_oog.php
1995,Camino Imperio Egípcio,Ali Arbabi,Sharn L. Wordley,class_oog.php
1882,Kara J D'alve Z,Alexandria Beneson,Thea N. Stinnett,class_oog.php
1962,Isla De Coco,Anne W. Eldridge,Lauren E. Hough,class_oog.php
2174,Komet 306,Antonio J. Martinez,Antonio J. Martinez,class_oog.php
2094,Gold Du Rouet,Taylor St Jacques,Andrew C. Welles,class_oog.php
2367,Khadiri,Jake Evans,Jake Evans,class_oog.php
2081,Rsk Quality Cruise,Khloe Kerins,Darragh Kerins,class_oog.php
1225,Cardline Kdw Z,Megan Wexler,Megan Wexler,class_oog.php
1047,Sandenal,Tanner Korotkin,Alan Korotkin,class_oog.php
1181,Kentucky N,Wilton J. Porter,Wilton J. Porter,class_oog.php
2618,Quina Blue Ps,Timothy Maddrix,Timothy Maddrix,class_oog.php
2932,Dakota Z,Jelmer Hoekstra,Jelmer Hoekstra,class_oog.php
2875,Kawir Ms,Jared P. Petersen,Jared P. Petersen,class_oog.php
2880,Valentine Car,Sharn L. Wordley,Sharn L. Wordley,class_oog.php
1002,Balou's Paul Ps,Diego Gaspar De Goes,Juan Benítez,class_oog.php
1695,I Jump D'authuit,Declan Egan,Declan Egan,class_oog.php
2950,Denison Park Combat,Elizabeth Schumann,Brian Murphy,class_oog.php
2534,Callisto De Fetan Z,Robert Mendoza,Robert Mendoza,class_oog.php
1017,Défi De La Roque,Juan Benítez,Juan Benítez,class_oog.php
2617,Istina Van De Kapel,Georgia Bouzaid,David Cameron,class_oog.php
1323,Uncle John’s Band,Camille Maynard,Camille Maynard,class_oog.php
2189,Indianapolis,Ivy Nyberg,Ivy Nyberg,class_oog.php
1916,Hhf Levison's Pride,Bryce P. Richardson,Bryce P. Richardson,class_oog.php
2566,Tough Enough,Spencer Brittan,Spencer Brittan,class_oog.php
2157,Streya,Jacqueline Steffens Daly,Jacqueline Steffens Daly,class_oog.php
1574,Valdes,Antonio J. Martinez,Antonio J. Martinez,class_oog.php
2864,Dominator Touch Z,Kalli Core,Bobby Boulger,class_oog.php
2027,Lagegonda Fz,Clark Montgomery,Clark Montgomery,class_oog.php
1837,Os Quincy,Rebecca Warth,Rebecca Warth,class_oog.php
1649,Chacoons Gisa Blue Z,Kyle Dewar,Kyle Dewar,class_oog.php
3008,Mon-Ami,Debbie L. Mccarthy-Connor,Debbie L. Mccarthy-Connor,class_oog.php
2955,Cameron 38,Jamie M. Stryker,Kirk Webby,class_oog.php
1182,Lupina Colada,Wilton J. Porter,Wilton J. Porter,class_oog.php
2874,Dropshot Z,Jordan Petersen,Jared P. Petersen,class_oog.php
1086,It Is West,Rebecca Conway,Conan Conway,class_oog.php
1035,Ideal,Grace Lyons,Alan Korotkin,class_oog.php
2292,Icarus,Declan Egan,Declan Egan,class_oog.php
2879,Mick Jagger,Sharn L. Wordley,Sharn L. Wordley,class_oog.php
1709,Headleys Kinetic,Anne L. Bingler,Anne L. Bingler,class_oog.php
1044,Peridoni 20,Elisabeth Rotsaert,Alan Korotkin,class_oog.php
1996,Thor Jr,Ali Arbabi,Sharn L. Wordley,class_oog.php
1038,Kindly,Tanner Korotkin,Alan Korotkin,class_oog.php
1742,Mason,Aidan Murphy,Candice King,class_oog.php
1223,Ledoux,Megan Wexler,Megan Wexler,class_oog.php
1684,Gelano,Jessica Collins,Jessica Collins,class_oog.php
1481,Limerick,Taylor Manning,Taylor Manning,class_oog.php
1567,Octavius Scf,Antonio J. Martinez,Antonio J. Martinez,class_oog.php
1066,Lufrieda Vdl,Clara Vidal,Daniela Roy,class_oog.php
1037,Insider Bh,Victoria Rotsaert,Alan Korotkin,class_oog.php
2132,Goliath,Addison Reed,Addison Reed,class_oog.php
2953,Ivanhoe,Elizabeth Schumann,Brian Murphy,class_oog.php
2931,Bellissima Dh Z,Jelmer Hoekstra,Jelmer Hoekstra,class_oog.php
2394,Bambina,Elin Mossberg,Patrick R. Wilcher,class_oog.php
2135,Orisco,Addison Reed,Addison Reed,class_oog.php
1246,Redbull 33 Vdh,Brittni A. Raflowitz,Brittni A. Raflowitz,class_oog.php
2199,Tobias Van Kreyel Mc,Lauren Balcomb,Sharn L. Wordley,class_oog.php
1334,Classical Touch,Juan M. Bolanos,Juan M. Bolanos,class_oog.php
3046,Dolittle 32,Bruno Diniz Das Neves,Bruno Diniz Das Neves,class_oog.php
1462,Pavarotti Van De Schutskooi,Cormac Hanley,Thea N. Stinnett,class_oog.php
2463,Eq Scorpio,Diego Farje,Sharn L. Wordley,class_oog.php
1831,Umtiti Van De Barlebuis,Lia Screnci,Lia Screnci,class_oog.php
2635,Tugano Van Klapscheut,Addison Reed,Raishun Burch,class_oog.php
2713,Superman Eh,Juan E. Hidalgo,Juan E. Hidalgo,class_oog.php
1787,Tarantino De Rie,Robert Mendoza,Hanna Pieri,class_oog.php
1449,Curacao D'elsendam Z,Taylor St Jacques,Taylor St Jacques,class_oog.php
2204,5o1 Stakkatol's Dream,Jacob Fletcher,Jacob Fletcher,class_oog.php
1923,Olaf,Selcuk Koksalan,Selcuk Koksalan,class_oog.php
1327,Online,Clark Montgomery,Clark Montgomery,class_oog.php
1993,Copperfield Ghv Z,Molly Frei,Sven Frei,class_oog.php
2133,O'Malley Rfb,Addison Reed,Addison Reed,class_oog.php
2320,Mtm Good Question,Tracy Fenney,Michael J. Mccormick,class_oog.php
1296,Calou Us,Tanner Korotkin,Alan Korotkin,class_oog.php
2197,King William,Sharn L. Wordley,Sharn L. Wordley,class_oog.php
2568,Nasia’s Girl Keros,Hanna R. Egan,Hanna R. Egan,class_oog.php
2881,Don Cor Z,Ryan Michael Genn,Ryan Michael Genn,class_oog.php
1342,Only Love B,Juan M. Bolanos,Juan M. Bolanos,class_oog.php
1860,Crusader,Marcus Gruenthal,Marcus Gruenthal,class_oog.php
1782,Cash For Roses,Bruno Diniz Das Neves,Bruno Diniz Das Neves,class_oog.php
2796,Santa Rosa Fiona,Priscilla Broger,Priscilla Broger,class_oog.php
2134,O-Toulon K,Addison Reed,Addison Reed,class_oog.php
1025,Dodicci,Tanner Korotkin,Alan Korotkin,class_oog.php
1042,Maiki,Tanner Korotkin,Alan Korotkin,class_oog.php
1045,Qastaar Van't Heike,Tanner Korotkin,Alan Korotkin,class_oog.php
1064,Locinthe Vdl,Clara Vidal,Daniela Roy,class_oog.php
1067,Noah,Clara Vidal,Daniela Roy,class_oog.php
1085,Conthargos Gold,Rebecca Conway,Conan Conway,class_oog.php
1108,Cali Blue Ps,Jessica Cross,Jessica Cross,class_oog.php
1109,Odilon,Soleil Katsur,Jessica Cross,class_oog.php
1224,Lord Cornet,Megan Wexler,Megan Wexler,class_oog.php
1241,Balou Blue Z,Brittni A. Raflowitz,Brittni A. Raflowitz,class_oog.php
1346,Britney Ps,Cullen Drescher,Derek Reed,class_oog.php
1347,Oscars Afterparty,Cullen Drescher,Derek Reed,class_oog.php
1425,Categorico Ec Z,Devin A. Seek,Stefano Baruzzo,class_oog.php
1519,Mtm Clarcona,Anna Mead,Stephen Dicarlo,class_oog.php
1563,Herlich,Bowers A. Cone,Stephen Dicarlo,class_oog.php
1595,Levano,Sarah E. Turner,Ben Taylor,class_oog.php
1679,Tarzan Z,Ana Cristina Rodriguez,Juan A. Rodriguez Silva,class_oog.php
1682,Allegra Van Het Eikenhof Z,Aria Collins,Jessica Collins,class_oog.php
1744,Diatoon Blue Ps,Madison Rose,Madison Rose,class_oog.php
1767,Gotham De Chalusse,Robert Mendoza,Robert Mendoza,class_oog.php
1877,Daham,Jelmer Hoekstra,Tara G. Bostwick,class_oog.php
1878,Futur Du Pomiez,Jelmer Hoekstra,Tara G. Bostwick,class_oog.php
2003,Ancelotti,Ashley Romano,Ashley Romano,class_oog.php
2037,Fernhill Touch Of Grandeur,Kendall Stephens,Maya Denis,class_oog.php
2078,Lissino,Khloe Kerins,Darragh Kerins,class_oog.php
2108,Spice Of Life,Isaac Leffkowitz,Isaac Leffkowitz,class_oog.php
2172,Castell 21,Amanda Gardiner,Megan Gardiner,class_oog.php
2173,Danilo Khr,Megan Gardiner,Megan Gardiner,class_oog.php
2291,Fleurescent,Declan Egan,Declan Egan,class_oog.php
2351,Otto Pilot,Jeannie M. Savegnago,Lauren Schweppe,class_oog.php
2365,Qiana,Marcus Gruenthal,Marcus Gruenthal,class_oog.php
2573,Ballyforan,Patrick R. Wilcher,Patrick R. Wilcher,class_oog.php
2602,Fabian,Bonnie Silver,Annalee Bennett,class_oog.php
2702,For Jens Z,Patrick R. Wilcher,Dana G. Waters,class_oog.php
2709,Cfh Ricardo Two You,Juan E. Hidalgo,Juan E. Hidalgo,class_oog.php
2733,Balisto,Maya Denis,Joachim Englert,class_oog.php
2821,Arianna Rv,John M. Struzzieri,Ryan Michael Genn,class_oog.php
2822,Chabluevara Ps,Ryan Michael Genn,Ryan Michael Genn,class_oog.php
2823,Conlando 55,John M. Struzzieri,Ryan Michael Genn,class_oog.php
2824,Dame Bruchetta Z,Kitt Ritter,Ryan Michael Genn,class_oog.php
2832,Lindy Hop,Clark Montgomery,Clark Montgomery,class_oog.php
2933,Iron Rock,Dorothy Douglas,Jelmer Hoekstra,class_oog.php
2935,Paseana,Jelmer Hoekstra,Jelmer Hoekstra,class_oog.php
2965,Kurano Sp Z,Brooklyn Castellano,Brooklyn Castellano,class_oog.php
3001,Kilenka Gl,Alyssa Amberge,Alyssa Amberge,class_oog.php
1039,King Z,Tanner Korotkin,Alan Korotkin,class_oog.php
1076,Curioso Van Maarle Z,Hector Florentino,Benjamin J. Meredith,class_oog.php
1105,Legacy Rs,Lauren E. Hough,Benjamin J. Meredith,class_oog.php
1261,Com'on Kylie M,Sophia Ayers,Ben Taylor,class_oog.php
1288,Cash The First Des Rosiers Z,Angela Swanson,Angela Swanson,class_oog.php
1289,Engas Aurantiaco,Angela Swanson,Angela Swanson,class_oog.php
1336,Dorothea Mystic Rose,Juan M. Bolanos,Juan M. Bolanos,class_oog.php
1340,Light Blue Mystic Rose,Juan M. Bolanos,Juan M. Bolanos,class_oog.php
1440,Maeberry,Matthew Le Master,Matthew Le Master,class_oog.php
1566,Itos S,Antonio J. Martinez,Antonio J. Martinez,class_oog.php
1568,Picobella De Pot,Antonio J. Martinez,Antonio J. Martinez,class_oog.php
1647,Dionte Van’t Merelsnest Z,Juan A. Rodriguez Silva,Juan A. Rodriguez Silva,class_oog.php
1660,Luau Cove Csf,Kyle Dewar,Kyle Dewar,class_oog.php
1666,F.ellouette,Sebastian Presa Tejada,Juan A. Rodriguez Silva,class_oog.php
1692,Cruise Mor,Lindsay Haselden,Lindsay Haselden,class_oog.php
1694,Hector Du Gue,Ryan Haselden,Declan Egan,class_oog.php
1766,Diatendra,Robert Mendoza,Robert Mendoza,class_oog.php
1853,Indiana De Riverland,Declan Egan,Declan Egan,class_oog.php
1880,Poliana Van Op De Berg,Alberto Sarmiento,Juan M. Bolanos,class_oog.php
1902,Born To Be Wild,Jamie Alnwick,Scott Keach,class_oog.php
1910,Mtm Cascadela,Evana Somareddy,Heather Dayner,class_oog.php
1913,Boleybawn Rolo,Bryce P. Richardson,Bryce P. Richardson,class_oog.php
1961,Fernhill Athletico Z,Lauren E. Hough,Lauren E. Hough,class_oog.php
2023,Joaquin Daloubet,Cristobal Castro,Cristobal Castro,class_oog.php
2029,Cobalto,Anne L. Bingler,Anne L. Bingler,class_oog.php
2093,Dragonfly,Nora Nauss,Andrew C. Welles,class_oog.php
2152,Bluebelle,Andres A. Correa,Andres A. Correa,class_oog.php
2155,La Luciole,Jacqueline Steffens Daly,Jacqueline Steffens Daly,class_oog.php
2158,Calibur W,H Dougl Schreiber,H Dougl Schreiber,class_oog.php
2196,Kan So,Diego Farje,Sharn L. Wordley,class_oog.php
2294,Onetta Vd Fruitkorf Z,Declan Egan,Declan Egan,class_oog.php
2313,Mtm Bubba,Ellham Memari,Michael J. Mccormick,class_oog.php
2354,Kleopatra Hero Z,Luke Sassi,Luke Sassi,class_oog.php
2372,F Miss Gouvernante Vdl Z,Anthony Sauriol,Anthony Sauriol,class_oog.php
2402,Diabalou Ps,Lukene Arenas,Lukene Arenas,class_oog.php
2572,Geisha D’agenais,Cyril Chatel,Laura Gaither,class_oog.php
2630,Vamos,Ashlynn Meuchel,Ashlynn Meuchel,class_oog.php
2631,Zhardas Kil,Ashlynn Meuchel,Ashlynn Meuchel,class_oog.php
2710,Elwen M' Aurea,Juan E. Hidalgo,Juan E. Hidalgo,class_oog.php
2711,Emyr De Launay,Mauricio Gruener,Juan E. Hidalgo,class_oog.php
2712,Il Vole Du Park,Juan E. Hidalgo,Juan E. Hidalgo,class_oog.php
2717,Catoki's Fly Girl,Campbell Lear,Pamela Gomez,class_oog.php
2718,Lucas 274,Valeska Furlong,Pamela Gomez,class_oog.php
2722,de Lisle Apollo,Mia Smith,David Cameron,class_oog.php
2792,Helia Des Bergeries,Camille Maynard,Matt Martin,class_oog.php
2846,KS Barbie,Maleah Lang Mcmahon,Maleah Lang Mcmahon,class_oog.php
2873,Comme II Reality,Elizabeth Solomon,Elizabeth Solomon,class_oog.php
2885,Official First Hj Z,Ryan Michael Genn,Ryan Michael Genn,class_oog.php
2929,Kaytaro,Declan Egan,Declan Egan,class_oog.php
2982,Cylano,Savannah Groselle,Savannah Groselle,class_oog.php
2993,Delando De St Leger,Dorothy Douglas,Jelmer Hoekstra,class_oog.php
2997,Qatar,Hector Florentino,Hector Florentino,class_oog.php
3016,Dorado Sdn,Cooper Beisel,Ben Taylor,class_oog.php
3051,Undercover,Staisha Connors,Michael Connors,class_oog.php
1075,Chris B,Hector Florentino,Benjamin J. Meredith,class_oog.php
1275,Norton Vdl,Abby Grabowski,Ben Taylor,class_oog.php
1455,Phoenix Air,Lanie Nash,Dawn Hersey,class_oog.php
1569,Rondalla Ls,Antonio J. Martinez,Antonio J. Martinez,class_oog.php
1593,Vdl Nevena,Belen Guarderas,Juan M. Bolanos,class_oog.php
1661,Major,Kyle Dewar,Kyle Dewar,class_oog.php
1768,Mistigrise Du Seigneur,Robert Mendoza,Robert Mendoza,class_oog.php
1843,Accelerator,Fabian Herrera,Fabian Herrera,class_oog.php
2091,Cismet 4,Andrew C. Welles,Andrew C. Welles,class_oog.php
2181,Chaning Tatum,Robert Mendoza,Samantha Mccleerey,class_oog.php
2569,Night Light,Hanna R. Egan,Hanna R. Egan,class_oog.php
2719,Nobeltje,Amanda Gomez,Pamela Gomez,class_oog.php
2731,Picar,Mario Garcia,Mario Garcia,class_oog.php
2876,Ewsz Omega,Gonzalo Guevara,Gonzalo Guevara,class_oog.php
2956,Cornetta Lazar,Kirk Webby,Kirk Webby,class_oog.php
3011,Guibet P,Amanda Gomez,Pamela Gomez,class_oog.php
3035,Cooley Elusive,Tom Monaghan,Tom Monaghan,class_oog.php
3037,Malmo 54,Tom Monaghan,Tom Monaghan,class_oog.php
1104,Hallmark Hpf,Hector Florentino,Benjamin J. Meredith,class_oog.php
1215,Temptation V/H Haringvliet Z,Jodie Camberg,Megan Wexler,class_oog.php
1273,Mucksmaeuschenstill,Aaron Vale,Ben Taylor,class_oog.php
1452,Onyx,Taylor St Jacques,Taylor St Jacques,class_oog.php
1460,Cognac Vh Gebergte Z,Cormac Hanley,Thea N. Stinnett,class_oog.php
1592,Oakland,Belen Guarderas,Juan M. Bolanos,class_oog.php
1705,Pi-Air,Riley Delbecq,Todd D. Minikus,class_oog.php
1735,Cachaca Pitu Lhf,Marcus Gruenthal,Marcus Gruenthal,class_oog.php
1743,Tillman,Aidan Murphy,Candice King,class_oog.php
1745,Oa Uno Mas Cerveza,Madison Rose,Madison Rose,class_oog.php
1786,Lyonheart,Robert Mendoza,Hanna Pieri,class_oog.php
2036,Diablue Sh Z,Jared P. Petersen,Jared P. Petersen,class_oog.php
2069,Bizzy Sh,Jordan Petersen,Jared P. Petersen,class_oog.php
2360,Cassaderra Na,Taryn M. Adamy,Taryn M. Adamy,class_oog.php
2633,Dimazzo,Leah Lang-Gluscic,Leah Lang-Gluscic,class_oog.php
2866,Kateri,Kalli Core,Bobby Boulger,class_oog.php
2960,Dracko Van Het Vinckenhof Z,Vicente Guillen,Vicente Guillen,class_oog.php
1021,Rover,Kelly Prather,Michael K. Kennedy,class_oog.php
1257,Avalanche,Mallory Vale,Ben Taylor,class_oog.php
1263,Eliott Dz,Aaron Vale,Ben Taylor,class_oog.php
1277,Reelz,Mallory Vale,Ben Taylor,class_oog.php
1513,Ck’s Superman,Libby Woodworth,Stephen Dicarlo,class_oog.php
1707,Ally Z,Anne L. Bingler,Anne L. Bingler,class_oog.php
1757,Frodo,River A. Wylde,River A. Wylde,class_oog.php
1793,Comme Il Hero Z,Matthew Le Master,Matthew Le Master,class_oog.php
2073,Ballyheerin Belle Jorado,Sarah Kerins,Darragh Kerins,class_oog.php
2080,P-Capitola,Sarah Kerins,Darragh Kerins,class_oog.php
2153,Dulce,Andres A. Correa,Andres A. Correa,class_oog.php
2162,Paulownia,Josh Dolan,Josh Dolan,class_oog.php
2341,Diamant's Invincible Na,Jared P. Petersen,Derek Petersen,class_oog.php
2707,Voila Bbf,Hayley G. Waters Wear,Dana G. Waters,class_oog.php
2708,Volcano Bbf,Hayley G. Waters Wear,Dana G. Waters,class_oog.php
2836,Forseti,Ben Taylor,Ben Taylor,class_oog.php
2884,Karma,Ryan Michael Genn,Ryan Michael Genn,class_oog.php
2946,Calderon T,Andras Szieberth,Andras Szieberth,class_oog.php
2963,Diadora,Jordan Petersen,Jared P. Petersen,class_oog.php
2996,Maleficent Ht,Hector Florentino,Benjamin J. Meredith,class_oog.php
3049,Donna Lucardie Z,Francesca Chiatti,Anna Christina Gansauer,class_oog.php
1268,Invictus,Aaron Vale,Ben Taylor,class_oog.php
1293,Getthe Muny Bernie,Carrie Riddle,Lindsay Barrack,class_oog.php
1297,La La Land,Christina Faninger,Alan Korotkin,class_oog.php
1298,Pays Bas V,Sophie Smith,Morgan Taylor,class_oog.php
1343,Pedro Molino,Kristen Litteken,Juan M. Bolanos,class_oog.php
1437,Balencia,Stella Gavin,Matthew Le Master,class_oog.php
1465,Norelien,Maya Allhusen,Mario Garcia,class_oog.php
1480,Ameko Chaccord,Taylor Manning,Taylor Manning,class_oog.php
1591,Irish Coffee Vhl,Iliana Palumbo,Alan Korotkin,class_oog.php
1598,Sublime,Sophie Smith,Morgan Taylor,class_oog.php
1775,Once Upon A Time,Alyson Jones,Kim Taylor,class_oog.php
1883,Untouchable's Unique,Dominic Arnold,Alyssa Venn,class_oog.php
2156,Lady Roxy,Suzanne Burns,Jacqueline Steffens Daly,class_oog.php
2177,Ata Fe Dulce,Lyla Roberts,Mario Garcia,class_oog.php
2375,Sylvester Ter Linden,Lynde Johnson,August Torsilieri,class_oog.php
2405,Billy Suffragette,Emerson Ritter,Morgan Taylor,class_oog.php
2543,Billy Snowdonia,Camille Maynard,Camille Maynard,class_oog.php
2803,Kanai,Addison Reed,Addison Reed,class_oog.php
2834,Hercules,Maya Allhusen,Mario Garcia,class_oog.php
2877,Big Castle,Shannon Y. Clifford,Shannon Y. Clifford,class_oog.php
2882,Crush,Scott Diffey,Scott Diffey,class_oog.php
2970,Fe Crack The Code,Amanda Gardiner,Megan Gardiner,class_oog.php
3039,Billy Adorable,Sophie Smith,Morgan Taylor,class_oog.php
1003,Daizi De Beaufour,Rita de Goes,Juan Benítez,class_oog.php
1043,Markanto A,Tanner Korotkin,Alan Korotkin,class_oog.php
1096,Cold Play,Isaac Leffkowitz,Isaac Leffkowitz,class_oog.php
1102,Talk About Me,Violetta Bergonzoli,Morgan Taylor,class_oog.php
1145,Cecile S,Alicia Taylor,Stephen Dicarlo,class_oog.php
1201,Contika 46,Kacey Conway,Kacey Conway,class_oog.php
1248,Ciemusic Z,Kathryn Camunas,Erica Robson,class_oog.php
1278,Remus Van't Merelsnest,Sophia Ayers,Ben Taylor,class_oog.php
1326,The Getaway Car,Lanie Nash,Dawn Hersey,class_oog.php
1439,Il Dolce,Lauren Flesher,Matthew Le Master,class_oog.php
1454,Mr Dw,Lanie Nash,Dawn Hersey,class_oog.php
1516,Grandia,Bowers A. Cone,Stephen Dicarlo,class_oog.php
1685,Hh Hyyerr Calling,Jessica Collins,Jessica Collins,class_oog.php
1769,Nevada Vdl,Robert Mendoza,Robert Mendoza,class_oog.php
1777,Bz Cancara,Antonio J. Martinez,Antonio J. Martinez,class_oog.php
1778,Lisdeen Lady Kvj,Antonio J. Martinez,Antonio J. Martinez,class_oog.php
1795,Mazatlan Ps,Violetta Bergonzoli,Morgan Taylor,class_oog.php
1866,Mckenzie Z,Celso Ariani,Celso Ariani,class_oog.php
1867,Orindus W,Celso Ariani,Celso Ariani,class_oog.php
1932,Florian,Windsor Ryan,Traci A. Weston,class_oog.php
1982,Herakles,Izabella Mcnerney,Izabella Mcnerney,class_oog.php
2107,Mary J,Isaac Leffkowitz,Isaac Leffkowitz,class_oog.php
2142,Bellefleur Z,Carson L. Ruff,Carson L. Ruff,class_oog.php
2144,U Amon Z,Paul O'Shea,Carson L. Ruff,class_oog.php
2148,Elle Woods,Kimberly Tobias,Abby Strohmeyer,class_oog.php
2149,Ferris Bueller,Kimberly Tobias,Abby Strohmeyer,class_oog.php
2154,Enzo Ferrari,Andres A. Correa,Andres A. Correa,class_oog.php
2179,Nice Cool De Virton,Paul O'Shea,Kaileigh Brandt,class_oog.php
2187,En Vogue,Maddison Stephen,David Cameron,class_oog.php
2200,Chagrandino Ps,Luciano Dome,Luciano Dome,class_oog.php
2290,Castello Z,Declan Egan,Declan Egan,class_oog.php
2293,Miss Cranny Sarco,Declan Egan,Declan Egan,class_oog.php
2521,Excel Star Fair Play,Alexandra Hird,August Torsilieri,class_oog.php
2523,Lugano,Liliana Nora Menesi,August Torsilieri,class_oog.php
2559,Dee Dee Gz,Samantha Fields,Spencer Brittan,class_oog.php
2562,Inlaws Manolo,Spencer Brittan,Spencer Brittan,class_oog.php
2667,Calypso,Josephine Demmo,Alan Korotkin,class_oog.php
2728,Wingardium Leviosa KS,Dominic Arnold,Alyssa Venn,class_oog.php
2793,Ibalia,Eva Bernstein,Matt Martin,class_oog.php
2825,Kereen Cobra,Kitt Ritter,Ryan Michael Genn,class_oog.php
2837,Carmenzita,Antonio J. Martinez,Antonio J. Martinez,class_oog.php
2840,Gabriella T,Mary Collier Pope,Andras Szieberth,class_oog.php
2984,Vdl Escape Z,Savannah Groselle,Savannah Groselle,class_oog.php
3009,Coby Z,Jenna P. Friedman-Lopez,Jenna P. Friedman-Lopez,class_oog.php
1074,Caballa Ps,Hector Florentino,Benjamin J. Meredith,class_oog.php
1088,Titan,Mckenzie Miller,Conan Conway,class_oog.php
1266,Hopeful Z,Sophia Ayers,Ben Taylor,class_oog.php
1272,Mtm Anonymous Z,Aaron Vale,Ben Taylor,class_oog.php
1279,Samba Do Brasil,Aaron Vale,Ben Taylor,class_oog.php
1442,Rr Monster,Mckenzie Badley,Matthew Le Master,class_oog.php
1485,Roncevert,Lanie Nash,Dawn Hersey,class_oog.php
1508,Guerrera,Dakota Sheikh,Mario Garcia,class_oog.php
1645,Comedian Of Picobello Z,Sebastian Presa Tejada,Juan A. Rodriguez Silva,class_oog.php
1646,Con Sol,Nicole Presa Tejada,Juan A. Rodriguez Silva,class_oog.php
1706,Airway Semilly,Ella Walker,Anne L. Bingler,class_oog.php
1776,Lavei,Alyson Jones,Kim Taylor,class_oog.php
1794,Chico Bella Z,Lily Niebur,Louise Pejstrup,class_oog.php
2072,O'Quality Z,Kyle Dewar,Kyle Dewar,class_oog.php
2389,Fanfan Boy,Tanner Korotkin,Alan Korotkin,class_oog.php
2532,Solaguayre Chaquensi,Gianni Gabrielli,Gianni Gabrielli,class_oog.php
2563,Itoulon B,Spencer Brittan,Spencer Brittan,class_oog.php
2564,Larcelo,Spencer Brittan,Spencer Brittan,class_oog.php
2985,Vdl Masque-Unea,Savannah Groselle,Savannah Groselle,class_oog.php
2987,Million's Crack Ki,Ana Elena Armas,Luciano Dome,class_oog.php
2994,Stapleton Asha,Lilly Mack,Dennis Mitchell,class_oog.php
2998,Granslam De Lezellec,Lilly Mack,Dennis Mitchell,class_oog.php
3047,Jasmin De L’abbaye,Gianni Gabrielli,Gianni Gabrielli,class_oog.php
1319,High Time,Anne C. Hormel,Camille Maynard,class_oog.php
1424,Arthur,Stefano Baruzzo,Stefano Baruzzo,class_oog.php
1441,Princeton Mk,Matthew Le Master,Matthew Le Master,class_oog.php
1589,Kali,Mireya Godoy,Juan M. Bolanos,class_oog.php
1737,Vienna Van't Kiezelhof Lhf,Marcus Gruenthal,Marcus Gruenthal,class_oog.php
1763,Dominic Toretto,Ashlee Bond,Ashlee Bond,class_oog.php
2079,Orange Blossom Na,Sarah Kerins,Darragh Kerins,class_oog.php
3040,Olivia Ve,Anthony Sauriol,Anthony Sauriol,class_oog.php
3048,Conchacco Ps,Alyssa Pascucci,Alyssa Pascucci,class_oog.php
1106,Naomi Hpf,Hector Florentino,Benjamin J. Meredith,class_oog.php
1247,Captain Marvel CF,Erica Robson,Erica Robson,class_oog.php
1435,Hellcat,Megan O'Brien,Megan O'Brien,class_oog.php
1726,As You Are,Miro Frey,Stephanie Frey,class_oog.php
2340,Penelope De La Fresnière,Luke Sassi,Luke Sassi,class_oog.php
2431,Virgules Balou Van 'T Neerhof,Alexandra Goetze Bell,Alexandra Goetze Bell,class_oog.php
2930,Miracle Van De Beiaard Z,Declan Egan,Declan Egan,class_oog.php
2949,Nadia I,Andras Szieberth,Andras Szieberth,class_oog.php
2954,Dropshot Z,Paige Jones,Dominique H. Damico,class_oog.php
2968,Anthem L.a. Z,Luciano Dome,Luciano Dome,class_oog.php
3015,6-7,Kinser Vale,Ben Taylor,class_oog.php
3045,Hpf Melania,Francisco Vaca,Shannon Y. Clifford,class_oog.php
1082,Skat 15,Laura Linback,Troy Linback,class_oog.php
1790,Cataumet,Lauren Schweppe,Lauren Schweppe,class_oog.php
1854,Keira Usa,Madison Wayda Smith,Kyle Dewar,class_oog.php
2827,Lord Carlino,Alexandra Hird,August Torsilieri,class_oog.php
3005,Kilmastulla Quality Touch,Seanna Reser,Stacey L. Reser,class_oog.php
3018,Corzico Melloni Z,Dorothy Douglas,Jelmer Hoekstra,class_oog.php
1031,Hurricane,Carsyn Korotkin,Alan Korotkin,class_oog.php
1183,Mastermind,Naomi Selleck,Alan Korotkin,class_oog.php
1555,Katch Can-Do,Olivia Israel,Jenny Miller,class_oog.php
1564,Mtm Silhouette,Bowers A. Cone,Stephen Dicarlo,class_oog.php
1749,Coffee,Kirsten L. Malacarne,George J. Bessette,class_oog.php
1846,Carlos He’las,Evana Somareddy,Heather Dayner,class_oog.php
1876,Churchill Blue,Dorothy Douglas,Tara G. Bostwick,class_oog.php
2361,Casuall,John Michael Durr,John Michael Durr,class_oog.php
2383,A La Quattro S,Vivian Heyer,August Torsilieri,class_oog.php
2542,Sunkist,Timothy Maddrix,Terry L. Brown,class_oog.php
2720,Espresso,Molly Frei,Sven Frei,class_oog.php
3022,Netezwiggy Vd Watermolen,Dorothy Douglas,Jelmer Hoekstra,class_oog.php
1576,Cadenza,Kelsey Duffy,Kelsey Duffy,class_oog.php
1760,Pistachio,Stephanie Frey,Stephanie Frey,class_oog.php
2182,Outlaw,Isabella Agliano,Robert P. Stucky,class_oog.php
2329,Mtm Rico Suave,Tracy Fenney,Michael J. Mccormick,class_oog.php
2867,Chef Special,Tracy Fenney,Michael J. Mccormick,class_oog.php
2927,Dexter,Jake Evans,Jake Evans,class_oog.php
1095,Cabana Boy,Isaac Leffkowitz,Isaac Leffkowitz,class_oog.php
1098,Royal Mark,Isaac Leffkowitz,Isaac Leffkowitz,class_oog.php
1428,Insightful,Lanie Nash,Dawn Hersey,class_oog.php
1521,Ziggy Stardust,Bowers A. Cone,Stephen Dicarlo,class_oog.php
1926,Costello,Allison Beck,Derek Van Der Burgh,class_oog.php
1976,Debonair,Jennifer Tate,Jennifer Tate,class_oog.php
2368,Cheque,Jake Evans,Jake Evans,class_oog.php
2634,Mtm Nutmeg,Rachel Zaluski,Natalie Geller,class_oog.php
2664,Callisto,Angela Gais,Angela Gais,class_oog.php
2986,Maui,Eva Bernstein,Matt Martin,class_oog.php
3030,Missy Vd Vosberg,Stacey L. Reser,Stacey L. Reser,class_oog.php
1041,Luminosity Class,Tanner Korotkin,Alan Korotkin,class_oog.php
1249,Colombiana,Erica Robson,Erica Robson,class_oog.php
1522,Calid 3,Jake Evans,Jake Evans,class_oog.php
1728,Simpatico,Stephanie Frey,Stephanie Frey,class_oog.php
2049,Top Secret Hk,Helen Goddard,Helen Goddard,class_oog.php
2603,Dominus Z,Charlotte H. Wiese,Jasmine Walsh,class_oog.php
2604,Hand Painted,Jasmine Walsh,Jasmine Walsh,class_oog.php
2608,Vincent Van Gough,Jasmine Walsh,Jasmine Walsh,class_oog.php
2794,Joylon Gb,Eva Bernstein,Matt Martin,class_oog.php
2868,Mtm Drop The Mic,Tracy Fenney,Michael J. Mccormick,class_oog.php
3043,Playground,Dorothy Douglas,Jelmer Hoekstra,class_oog.php
1217,Dream Boat,Megan Wexler,Megan Wexler,class_oog.php
1665,Salt Spring,Kyle Dewar,Kyle Dewar,class_oog.php
1823,Aperture Vf,Lia Screnci,Lia Screnci,class_oog.php
2393,United's Choice,Dana Ventrice,Dana Ventrice,class_oog.php
1049,Vote For Pedro,Carsyn Korotkin,Alan Korotkin,class_oog.php
1222,Ladies Night,Megan Wexler,Megan Wexler,class_oog.php
1453,Childhood Dream,Lanie Nash,Dawn Hersey,class_oog.php
1748,Center Stage,Kirsten L. Malacarne,George J. Bessette,class_oog.php
1774,Endeavor In His Name,Alyson Jones,Kim Taylor,class_oog.php
1848,Mystery Man,Schuyler Dayner,Heather Dayner,class_oog.php
1977,Just A Gentleman,Brittany G. Wyatt,Stephanie Free,class_oog.php
2066,Red Admiral,Elizabeth C. de Golian,Elizabeth C. de Golian,class_oog.php
2120,Freeman,Caroline Willard Briles,Caroline Willard Briles,class_oog.php
2387,Winterfells Castle Black,Sierra Montgomery,Lisa Hasenbeck,class_oog.php
2522,Remix De Ganad,Alexandra Hird,August Torsilieri,class_oog.php
2623,Sophistakkato,Katherine Nunez,Debra L. Ward,class_oog.php
2820,Peyton Cm Kapade,Angelina M Palmeri,Derek Van Der Burgh,class_oog.php
2865,Ewsz Chardonnay,Kalli Core,Bobby Boulger,class_oog.php
2943,Gladrags,Stephanie Frey,Stephanie Frey,class_oog.php
2969,Kismet,Joshua Tabor,Joshua Tabor,class_oog.php
2974,St. Nick,Kalli Core,Bobby Boulger,class_oog.php
2977,Dialey Ak,Helen Goddard,Helen Goddard,class_oog.php
2978,Toussant,Helen Goddard,Helen Goddard,class_oog.php
3034,Napoleon,Robert P. Stucky,Robert P. Stucky,class_oog.php
2941,Nightfall,Windsor Ryan,Traci A. Weston,class_oog.php
1483,Thunder Shark,Fabian Herrera,Fabian Herrera,class_oog.php
1221,Kobalt Des Vk,Megan Wexler,Megan Wexler,class_oog.php
2945,Koletta,Stephanie Frey,Stephanie Frey,class_oog.php
2972,Cartier De Muze,Lincoln Russell,Lincoln Russell,class_oog.php
1582,Harmony De Muze,Jake Evans,Jake Evans,class_oog.php
2348,Cupido De Jolie Z,Katlynn Butler,Katlynn Butler,class_oog.php
1301,Quatro,Lanie Nash,Dawn Hersey,class_oog.php
1458,Sweeter Than Fiction,Addy Dewalt,Wendy J. Hechler,class_oog.php
1493,Lyon,Katherine Addington,Bibby F. Hill,class_oog.php
1554,Going Global,Jenny Miller,Jenny Miller,class_oog.php
1698,Orchard Hills Best Dressed,Ryan Haselden,Lindsay Haselden,class_oog.php
1918,The Flying Dutchman,Bryce P. Richardson,Bryce P. Richardson,class_oog.php
1924,Argento 2,Aubrey Frank,Derek Van Der Burgh,class_oog.php
1983,Koh I Knoor,Natalie Johnson Russell,Natalie Johnson Russell,class_oog.php
2097,Cleveland 42,Isaac Leffkowitz,Isaac Leffkowitz,class_oog.php
2099,Loire,Isaac Leffkowitz,Isaac Leffkowitz,class_oog.php
2161,Astronaut H Z,Teresa Pompay,Josh Dolan,class_oog.php
2304,Camden Street,Phillipa Greenberg,Wendy J. Hechler,class_oog.php
2610,Starridor,Charlotte H. Wiese,Jasmine Walsh,class_oog.php
2668,Curtis 89,Josephine Demmo,Alan Korotkin,class_oog.php
2725,Coeur D'honneur,Jennifer Phethean,Jennifer Phethean,class_oog.php
2937,Follow Me,Marissa Creviston,Marissa Creviston,class_oog.php
2940,Obora’s Sandman,Marissa Creviston,Marissa Creviston,class_oog.php
2715,Living The Dream,Aidan Murphy,Candice King,class_oog.php
2730,Striking Elsa,Phillipa Greenberg,Jennifer Phethean,class_oog.php
2838,Delisa Gp,Heather Froehlich Cortell,Heather Froehlich Cortell,class_oog.php
2607,Santino,Jasmine Walsh,Jasmine Walsh,class_oog.php
1027,Fort Knox,Lainey Posa,Alan Korotkin,class_oog.php
1029,Halo,Carsyn Korotkin,Alan Korotkin,class_oog.php
1495,Parade,Devin A. Seek,Bibby F. Hill,class_oog.php
1498,Untitled,Katherine Addington,Bibby F. Hill,class_oog.php
1509,Amuze Bouche,Wendy J. Hechler,Wendy J. Hechler,class_oog.php
1966,Carli De Sabette,Vannakay Hurnevich,Kim E. Burnette,class_oog.php
2183,Follow Me Home,Caitlin Maloney,Caitlin Maloney,class_oog.php
2386,Marvick,Sierra Montgomery,Lisa Hasenbeck,class_oog.php
2390,Poptart,Lainey Posa,Alan Korotkin,class_oog.php
2391,Benlea Magic Dragon,Noemi Varela,Dana Ventrice,class_oog.php
2973,Khan Of Ballmore,Mari Gromkowski,Mari Gromkowski,class_oog.php