rider,tag,source
Aaron Vale,,class_oog.php
Selcuk Koksalan,,class_oog.php
Sharn L. Wordley,,class_oog.php
Lukene Arenas,,class_oog.php
Kyle Dewar,,class_oog.php
Priscilla Broger,,class_oog.php
Laura Gaither,,class_oog.php
Camille Maynard,,class_oog.php
Juan J. Bancalari,,class_oog.php
Jodie Camberg,,class_oog.php
Declan Egan,,class_oog.php
Simon Arango,,class_oog.php
Juan E. Hidalgo,,class_oog.php
Ciaran Flynn,,class_oog.php
Maddison Stephen,,class_oog.php
Maya Denis,,class_oog.php
Taylor St Jacques,,class_oog.php
Sophia Ayers,,class_oog.php
David Cameron,,class_oog.php
Amanda Gomez,,class_oog.php
Manuel G. Torres,,class_oog.php
Lauren Balcomb,,class_oog.php
Wilton J. Porter,,class_oog.php
Samuel Parot,,class_oog.php
Angela Swanson,,class_oog.php
Juan M. Bolanos,,class_oog.php
Ashlee Bond,,class_oog.php
Flavio Montenegro,,class_oog.php
Dominique Gonzalez,,class_oog.php
Tracy Fenney,,class_oog.php
Lia Screnci,,class_oog.php
Maleah Lang Mcmahon,,class_oog.php
Captain Brian Cournane,,class_oog.php
Tanner Korotkin,,class_oog.php
Luis Sabino Goncalves,,class_oog.php
Nora Nauss,,class_oog.php
Cormac Hanley,,class_oog.php
Jenna P. Friedman-Lopez,,class_oog.php
Antonio J. Martinez,,class_oog.php
Ryan Baldwin,,class_oog.php
Brian Murphy,,class_oog.php
Jelmer Hoekstra,,class_oog.php
Todd D. Minikus,,class_oog.php
John Michael Durr,,class_oog.php
Jamie Alnwick,,class_oog.php
Clark Montgomery,,class_oog.php
Paul O'Shea,,class_oog.php
Vicente Guillen,,class_oog.php
Stella Stinnett,,class_oog.php
Rebecca Conway,,class_oog.php
Ali Arbabi,,class_oog.php
Alexandria Beneson,,class_oog.php
Anne W. Eldridge,,class_oog.php
Jake Evans,,class_oog.php
Khloe Kerins,,class_oog.php
Megan Wexler,,class_oog.php
Timothy Maddrix,,class_oog.php
Jared P. Petersen,,class_oog.php
Diego Gaspar De Goes,,class_oog.php
Elizabeth Schumann,,class_oog.php
Robert Mendoza,,class_oog.php
Juan Benítez,,class_oog.php
Georgia Bouzaid,,class_oog.php
Ivy Nyberg,,class_oog.php
Bryce P. Richardson,,class_oog.php
Spencer Brittan,,class_oog.php
Jacqueline Steffens Daly,,class_oog.php
Kalli Core,,class_oog.php
Rebecca Warth,,class_oog.php
Debbie L. Mccarthy-Connor,,class_oog.php
Jamie M. Stryker,,class_oog.php
Jordan Petersen,,class_oog.php
Grace Lyons,,class_oog.php
Anne L. Bingler,,class_oog.php
Elisabeth Rotsaert,,class_oog.php
Aidan Murphy,,class_oog.php
Jessica Collins,,class_oog.php
Taylor Manning,,class_oog.php
Clara Vidal,,class_oog.php
Victoria Rotsaert,,class_oog.php
Addison Reed,,class_oog.php
Elin Mossberg,,class_oog.php
Brittni A. Raflowitz,,class_oog.php
Bruno Diniz Das Neves,,class_oog.php
Diego Farje,,class_oog.php
Jacob Fletcher,,class_oog.php
Molly Frei,,class_oog.php
Hanna R. Egan,,class_oog.php
Ryan Michael Genn,,class_oog.php
Marcus Gruenthal,,class_oog.php
Jessica Cross,,class_oog.php
Soleil Katsur,,class_oog.php
Cullen Drescher,,class_oog.php
Devin A. Seek,,class_oog.php
Anna Mead,,class_oog.php
Bowers A. Cone,,class_oog.php
Sarah E. Turner,,class_oog.php
Ana Cristina Rodriguez,,class_oog.php
Aria Collins,,class_oog.php
Madison Rose,,class_oog.php
Ashley Romano,,class_oog.php
Kendall Stephens,,class_oog.php
Isaac Leffkowitz,,class_oog.php
Amanda Gardiner,,class_oog.php
Megan Gardiner,,class_oog.php
Jeannie M. Savegnago,,class_oog.php
Patrick R. Wilcher,,class_oog.php
Bonnie Silver,,class_oog.php
John M. Struzzieri,,class_oog.php
Kitt Ritter,,class_oog.php
Dorothy Douglas,,class_oog.php
Brooklyn Castellano,,class_oog.php
Alyssa Amberge,,class_oog.php
Carsyn Korotkin,,class_oog.php
Hector Florentino,,class_oog.php
Lauren E. Hough,,class_oog.php
Matthew Le Master,,class_oog.php
Juan A. Rodriguez Silva,,class_oog.php
Sebastian Presa Tejada,,class_oog.php
Lindsay Haselden,,class_oog.php
Ryan Haselden,,class_oog.php
Alberto Sarmiento,,class_oog.php
Evana Somareddy,,class_oog.php
Cristobal Castro,,class_oog.php
Andres A. Correa,,class_oog.php
H Dougl Schreiber,,class_oog.php
Ellham Memari,,class_oog.php
Luke Sassi,,class_oog.php
Anthony Sauriol,,class_oog.php
Cyril Chatel,,class_oog.php
Ashlynn Meuchel,,class_oog.php
Mauricio Gruener,,class_oog.php
Campbell Lear,,class_oog.php
Valeska Furlong,,class_oog.php
Mia Smith,,class_oog.php
Elizabeth Solomon,,class_oog.php
Savannah Groselle,,class_oog.php
Cooper Beisel,,class_oog.php
Staisha Connors,,class_oog.php
Abby Grabowski,,class_oog.php
Lanie Nash,,class_oog.php
Belen Guarderas,,class_oog.php
Fabian Herrera,,class_oog.php
Andrew C. Welles,,class_oog.php
Mario Garcia,,class_oog.php
Gonzalo Guevara,,class_oog.php
Kirk Webby,,class_oog.php
Tom Monaghan,,class_oog.php
Riley Delbecq,,class_oog.php
Taryn M. Adamy,,class_oog.php
Leah Lang-Gluscic,,class_oog.php
Kelly Prather,,class_oog.php
Mallory Vale,,class_oog.php
Libby Woodworth,,class_oog.php
River A. Wylde,,class_oog.php
Sarah Kerins,,class_oog.php
Josh Dolan,,class_oog.php
Hayley G. Waters Wear,,class_oog.php
Ben Taylor,,class_oog.php
Andras Szieberth,,class_oog.php
Francesca Chiatti,,class_oog.php
Carrie Riddle,,class_oog.php
Christina Faninger,,class_oog.php
Sophie Smith,,class_oog.php
Kristen Litteken,,class_oog.php
Stella Gavin,,class_oog.php
Maya Allhusen,,class_oog.php
Iliana Palumbo,,class_oog.php
Alyson Jones,,class_oog.php
Dominic Arnold,,class_oog.php
Suzanne Burns,,class_oog.php
Lyla Roberts,,class_oog.php
Lynde Johnson,,class_oog.php
Emerson Ritter,,class_oog.php
Shannon Y. Clifford,,class_oog.php
Scott Diffey,,class_oog.php
Rita de Goes,,class_oog.php
Violetta Bergonzoli,,class_oog.php
Alicia Taylor,,class_oog.php
Kacey Conway,,class_oog.php
Kathryn Camunas,,class_oog.php
Lauren Flesher,,class_oog.php
Celso Ariani,,class_oog.php
Windsor Ryan,,class_oog.php
Izabella Mcnerney,,class_oog.php
Carson L. Ruff,,class_oog.php
Kimberly Tobias,,class_oog.php
Luciano Dome,,class_oog.php
Alexandra Hird,,class_oog.php
Liliana Nora Menesi,,class_oog.php
Samantha Fields,,class_oog.php
Josephine Demmo,,class_oog.php
Eva Bernstein,,class_oog.php
Kelly Kiser,,class_oog.php
Mary Collier Pope,,class_oog.php
Mckenzie Miller,,class_oog.php
Mckenzie Badley,,class_oog.php
Dakota Sheikh,,class_oog.php
Nicole Presa Tejada,,class_oog.php
Ella Walker,,class_oog.php
Lily Niebur,,class_oog.php
Gianni Gabrielli,,class_oog.php
Ana Elena Armas,,class_oog.php
Lilly Mack,,class_oog.php
Anne C. Hormel,,class_oog.php
Stefano Baruzzo,,class_oog.php
Mireya Godoy,,class_oog.php
Alyssa Pascucci,,class_oog.php
Erica Robson,,class_oog.php
Megan O'Brien,,class_oog.php
Miro Frey,,class_oog.php
Alexandra Goetze Bell,,class_oog.php
Paige Jones,,class_oog.php
Kinser Vale,,class_oog.php
Francisco Vaca,,class_oog.php
Laura Linback,,class_oog.php
Lauren Schweppe,,class_oog.php
Madison Wayda Smith,,class_oog.php
Seanna Reser,,class_oog.php
Naomi Selleck,,class_oog.php
Olivia Israel,,class_oog.php
Kirsten L. Malacarne,,class_oog.php
Vivian Heyer,,class_oog.php
Kelsey Duffy,,class_oog.php
Reagan Williams,,class_oog.php
Stephanie Frey,,class_oog.php
Isabella Agliano,,class_oog.php
Allison Beck,,class_oog.php
Jennifer Tate,,class_oog.php
Rachel Zaluski,,class_oog.php
Angela Gais,,class_oog.php
Stacey L. Reser,,class_oog.php
Helen Goddard,,class_oog.php
Charlotte H. Wiese,,class_oog.php
Jasmine Walsh,,class_oog.php
Dana Ventrice,,class_oog.php
Schuyler Dayner,,class_oog.php
Brittany G. Wyatt,,class_oog.php
Elizabeth C. de Golian,,class_oog.php
Caroline Willard Briles,,class_oog.php
Sierra Montgomery,,class_oog.php
Katherine Nunez,,class_oog.php
Angelina M Palmeri,,class_oog.php
Joshua Tabor,,class_oog.php
Robert P. Stucky,,class_oog.php
Lincoln Russell,,class_oog.php
Katlynn Butler,,class_oog.php
Addy Dewalt,,class_oog.php
Katherine Addington,,class_oog.php
Jenny Miller,,class_oog.php
Aubrey Frank,,class_oog.php
Natalie Johnson Russell,,class_oog.php
Teresa Pompay,,class_oog.php
Phillipa Greenberg,,class_oog.php
Jennifer Phethean,,class_oog.php
Marissa Creviston,,class_oog.php
Heather Froehlich Cortell,,class_oog.php
Daina Greene,,class_oog.php
Lainey Posa,,class_oog.php
Wendy J. Hechler,,class_oog.php
Lindsay Meyer,,class_oog.php
Vannakay Hurnevich,,class_oog.php
Caitlin Maloney,,class_oog.php
Noemi Varela,,class_oog.php
Mari Gromkowski,,class_oog.php
Jessica Heap,,class_oog.php
Kate Marisch,,class_oog.php
Angela R. Calkins,,class_oog.php