trainer,tag,source
Ben Taylor,,class_oog.php
Selcuk Koksalan,,class_oog.php
Sharn L. Wordley,,class_oog.php
Lukene Arenas,,class_oog.php
Kyle Dewar,,class_oog.php
Priscilla Broger,,class_oog.php
Laura Gaither,,class_oog.php
Camille Maynard,,class_oog.php
Juan M. Bolanos,,class_oog.php
Megan Wexler,,class_oog.php
Declan Egan,,class_oog.php
Juan E. Hidalgo,,class_oog.php
Michael J. Mccormick,,class_oog.php
Maddison Stephen,,class_oog.php
Taylor St Jacques,,class_oog.php
David Cameron,,class_oog.php
Pamela Gomez,,class_oog.php
Manuel G. Torres,,class_oog.php
Wilton J. Porter,,class_oog.php
Samuel Parot,,class_oog.php
Angela Swanson,,class_oog.php
Ashlee Bond,,class_oog.php
Terry Gonzalez,,class_oog.php
Lia Screnci,,class_oog.php
Maleah Lang Mcmahon,,class_oog.php
Captain Brian Cournane,,class_oog.php
Alan Korotkin,,class_oog.php
Luis Sabino Goncalves,,class_oog.php
Andrew C. Welles,,class_oog.php
Thea N. Stinnett,,class_oog.php
Jenna P. Friedman-Lopez,,class_oog.php
Antonio J. Martinez,,class_oog.php
Debbie L. Mccarthy-Connor,,class_oog.php
Brian Murphy,,class_oog.php
Jelmer Hoekstra,,class_oog.php
Todd D. Minikus,,class_oog.php
John Michael Durr,,class_oog.php
Scott Keach,,class_oog.php
Molly A. Kenney,,class_oog.php
Juan J. Bancalari,,class_oog.php
Davide Troncanetti,,class_oog.php
Vicente Guillen,,class_oog.php
Conan Conway,,class_oog.php
Lauren E. Hough,,class_oog.php
Jake Evans,,class_oog.php
Darragh Kerins,,class_oog.php
Timothy Maddrix,,class_oog.php
Jared P. Petersen,,class_oog.php
Juan Benítez,,class_oog.php
Robert Mendoza,,class_oog.php
Ivy Nyberg,,class_oog.php
Bryce P. Richardson,,class_oog.php
Spencer Brittan,,class_oog.php
Jacqueline Steffens Daly,,class_oog.php
Bobby Boulger,,class_oog.php
Clark Montgomery,,class_oog.php
Rebecca Warth,,class_oog.php
Kirk Webby,,class_oog.php
Anne L. Bingler,,class_oog.php
Candice King,,class_oog.php
Jessica Collins,,class_oog.php
Taylor Manning,,class_oog.php
Daniela Roy,,class_oog.php
Addison Reed,,class_oog.php
Patrick R. Wilcher,,class_oog.php
Brittni A. Raflowitz,,class_oog.php
Bruno Diniz Das Neves,,class_oog.php
Raishun Burch,,class_oog.php
Hanna Pieri,,class_oog.php
Jacob Fletcher,,class_oog.php
Sven Frei,,class_oog.php
Hanna R. Egan,,class_oog.php
Ryan Michael Genn,,class_oog.php
Marcus Gruenthal,,class_oog.php
Jessica Cross,,class_oog.php
Derek Reed,,class_oog.php
Stefano Baruzzo,,class_oog.php
Stephen Dicarlo,,class_oog.php
Juan A. Rodriguez Silva,,class_oog.php
Madison Rose,,class_oog.php
Tara G. Bostwick,,class_oog.php
Ashley Romano,,class_oog.php
Maya Denis,,class_oog.php
Isaac Leffkowitz,,class_oog.php
Megan Gardiner,,class_oog.php
Lauren Schweppe,,class_oog.php
Annalee Bennett,,class_oog.php
Dana G. Waters,,class_oog.php
Joachim Englert,,class_oog.php
Brooklyn Castellano,,class_oog.php
Alyssa Amberge,,class_oog.php
Benjamin J. Meredith,,class_oog.php
Matthew Le Master,,class_oog.php
Lindsay Haselden,,class_oog.php
Heather Dayner,,class_oog.php
Cristobal Castro,,class_oog.php
Andres A. Correa,,class_oog.php
H Dougl Schreiber,,class_oog.php
Luke Sassi,,class_oog.php
Anthony Sauriol,,class_oog.php
Ashlynn Meuchel,,class_oog.php
Matt Martin,,class_oog.php
Elizabeth Solomon,,class_oog.php
Savannah Groselle,,class_oog.php
Hector Florentino,,class_oog.php
Michael Connors,,class_oog.php
Dawn Hersey,,class_oog.php
Fabian Herrera,,class_oog.php
Samantha Mccleerey,,class_oog.php
Mario Garcia,,class_oog.php
Gonzalo Guevara,,class_oog.php
Tom Monaghan,,class_oog.php
Taryn M. Adamy,,class_oog.php
Leah Lang-Gluscic,,class_oog.php
Michael K. Kennedy,,class_oog.php
River A. Wylde,,class_oog.php
Josh Dolan,,class_oog.php
Derek Petersen,,class_oog.php
Andras Szieberth,,class_oog.php
Anna Christina Gansauer,,class_oog.php
Lindsay Barrack,,class_oog.php
Morgan Taylor,,class_oog.php
Kim Taylor,,class_oog.php
Alyssa Venn,,class_oog.php
August Torsilieri,,class_oog.php
Shannon Y. Clifford,,class_oog.php
Scott Diffey,,class_oog.php
Kacey Conway,,class_oog.php
Erica Robson,,class_oog.php
Celso Ariani,,class_oog.php
Traci A. Weston,,class_oog.php
Izabella Mcnerney,,class_oog.php
Carson L. Ruff,,class_oog.php
Abby Strohmeyer,,class_oog.php
Kaileigh Brandt,,class_oog.php
Luciano Dome,,class_oog.php
Louise Pejstrup,,class_oog.php
Gianni Gabrielli,,class_oog.php
Dennis Mitchell,,class_oog.php
Alyssa Pascucci,,class_oog.php
Megan O'Brien,,class_oog.php
Stephanie Frey,,class_oog.php
Alexandra Goetze Bell,,class_oog.php
Dominique H. Damico,,class_oog.php
Troy Linback,,class_oog.php
Stacey L. Reser,,class_oog.php
Jenny Miller,,class_oog.php
George J. Bessette,,class_oog.php
Terry L. Brown,,class_oog.php
Kelsey Duffy,,class_oog.php
Robert P. Stucky,,class_oog.php
Derek Van Der Burgh,,class_oog.php
Jennifer Tate,,class_oog.php
Natalie Geller,,class_oog.php
Angela Gais,,class_oog.php
Helen Goddard,,class_oog.php
Jasmine Walsh,,class_oog.php
Dana Ventrice,,class_oog.php
Stephanie Free,,class_oog.php
Elizabeth C. de Golian,,class_oog.php
Caroline Willard Briles,,class_oog.php
Lisa Hasenbeck,,class_oog.php
Debra L. Ward,,class_oog.php
Joshua Tabor,,class_oog.php
Lincoln Russell,,class_oog.php
Katlynn Butler,,class_oog.php
Wendy J. Hechler,,class_oog.php
Bibby F. Hill,,class_oog.php
Natalie Johnson Russell,,class_oog.php
Jennifer Phethean,,class_oog.php
Marissa Creviston,,class_oog.php
Heather Froehlich Cortell,,class_oog.php
Kim E. Burnette,,class_oog.php
Caitlin Maloney,,class_oog.php
Mari Gromkowski,,class_oog.php